unixtime,time,ppfdred1_2,ppfdblue1_2,ppfd1_2,ppfdred2_2,ppfdblue2_2,ppfd2_2,ppfdred3_2,ppfdblue3_2,ppfd3_2,ppfdred4_2,ppfdblue4_2,ppfd4_2,ppfdred5_2,ppfdblue5_2,ppfd5_2,ppfdred6_2,ppfdblue6_2,ppfd6_2,ppfdred7_2,ppfdblue7_2,ppfd7_2,temp_1_2,humd_1_2,temp_2_2,humd_2_2,temp_3_2,humd_3_2,tmp1_2,tmp2_2,tmp3_2,oxy_con_2,co2_con_2
1533139200,02-08-18 00:00,,,,,,,,,,,,,,,,,,,,,,,,,,,,,,,,
1533153600,02-08-18 04:00,,,,,,,,,,,,,,,,,,,,,,,,,,,,,,,,
1533168000,02-08-18 08:00,,,,,,,,,,,,,,,,,,,,,,,,,,,,,,,,
1533182400,02-08-18 12:00,,,,,,,,,,,,,,,,,,,,,,,,,,,,,,,,
1533196800,02-08-18 16:00,115.0,41.0,156.0,123.5,35.1,158.6,129.9,56.9,186.8,119.6,37.2,156.8,114.6,44.1,158.7,115.4,39.9,155.3,134.1,46.2,180.3,25.369999885559082,99.9000015258789,20.899999618530273,83.80000305175781,26.18000011444092,63.88999977111816,33.64375,33.8125,31.35625,18.7,991.95
1533211200,02-08-18 20:00,115.1,41.0,156.1,123.6,35.1,158.7,129.6,57.1,186.7,119.7,37.2,156.9,114.8,43.8,158.6,115.6,39.5,155.1,134.7,46.5,181.2,25.489999961853027,99.68000183105468,20.899999618530273,83.80000305175781,26.299999237060554,62.19999961853027,33.44375,33.58125,31.04375,18.712,807.417
1533225600,03-08-18 00:00,114.8,40.8,155.6,123.8,34.1,157.9,129.7,56.1,185.8,118.6,37.0,155.6,114.2,43.4,157.6,115.4,39.1,154.5,134.1,45.9,180.0,24.899999618530273,99.9000015258789,20.899999618530273,83.80000305175781,25.320000076293944,65.14000015258789,32.96875,33.09375,30.6625,18.722,797.395
1533240000,03-08-18 04:00,115.0,40.6,155.6,123.3,34.2,157.5,128.8,56.2,185.0,119.1,37.0,156.1,114.7,43.2,157.9,115.9,38.9,154.8,134.1,45.8,179.9,24.859999465942384,99.9000015258789,20.899999618530273,83.80000305175781,25.620000457763673,63.8799991607666,32.49375,32.55,30.3125,18.651,840.927
1533254400,03-08-18 08:00,10.454545454545455,3.909090909090909,14.363636363636363,11.181818181818182,3.1818181818181817,14.363636363636363,11.727272727272727,5.090909090909091,16.818181818181817,11.545454545454545,3.4545454545454546,15.0,11.181818181818182,3.8181818181818183,15.0,10.454545454545455,3.6363636363636362,14.090909090909092,13.090909090909092,4.181818181818182,17.272727272727273,23.59090891751376,99.9000015258789,20.899999618530273,83.80000305175781,24.390908674760297,62.69090895219283,24.806818181818183,24.829545454545453,23.857954545454547,18.493636363636366,942.2536363636365
1533268800,03-08-18 12:00,117.45454545454545,40.09090909090909,157.54545454545453,125.9090909090909,33.0,158.9090909090909,130.72727272727272,55.36363636363637,186.0909090909091,120.81818181818181,36.27272727272727,157.0909090909091,116.9090909090909,43.36363636363637,160.27272727272728,117.54545454545455,38.72727272727273,156.27272727272728,136.36363636363637,45.09090909090909,181.45454545454547,23.672727411443535,99.9000015258789,20.899999618530273,83.80000305175781,23.954545801336113,68.43636252663352,29.772727272727273,29.96590909090909,27.90909090909091,18.617272727272727,879.1172727272726
1533283200,03-08-18 16:00,114.63636363636364,41.0,155.63636363636363,122.81818181818181,34.90909090909091,157.72727272727272,128.9090909090909,56.90909090909091,185.8181818181818,118.9090909090909,37.27272727272727,156.1818181818182,114.45454545454545,43.81818181818182,158.27272727272728,115.0909090909091,39.0,154.0909090909091,134.36363636363637,46.18181818181818,180.54545454545453,24.9272724498402,99.9000015258789,20.899999618530273,83.80000305175781,25.745454788208008,63.645454753528945,32.91477272727273,33.07954545454545,30.27840909090909,18.613636363636367,726.5454545454545
1533297600,03-08-18 20:00,114.4,41.0,155.4,123.0,34.9,157.9,128.8,56.9,185.7,118.7,37.1,155.8,114.8,43.9,158.7,115.0,39.6,154.6,133.5,46.2,179.7,25.130000495910643,99.9000015258789,20.899999618530273,83.80000305175781,25.969999885559083,62.210000610351564,32.93125,33.1875,30.5125,18.790000000000003,688.563
1533312000,04-08-18 00:00,114.5,40.9,155.4,121.8,34.5,156.3,126.7,57.4,184.1,118.3,37.3,155.6,113.6,44.0,157.6,115.1,39.0,154.1,133.8,45.9,179.7,24.700000381469728,99.9000015258789,20.899999618530273,83.80000305175781,24.999999809265137,64.66000022888184,32.94375,33.15,30.33125,18.610000000000003,698.264
1533326400,04-08-18 04:00,114.45454545454545,41.0,155.45454545454547,122.81818181818181,34.90909090909091,157.72727272727272,128.8181818181818,56.36363636363637,185.1818181818182,118.81818181818181,36.81818181818182,155.63636363636363,114.0,43.45454545454545,157.45454545454547,115.0909090909091,39.18181818181818,154.27272727272728,133.45454545454547,46.18181818181818,179.63636363636363,24.899999618530273,99.9000015258789,20.899999618530273,83.80000305175781,25.536363775079902,62.69090964577415,32.9375,33.0625,30.636363636363637,18.717272727272725,705.1409090909091
1533340800,04-08-18 08:00,0.0,0.0,0.0,0.0,0.0,0.0,0.0,0.0,0.0,1.0,0.0,1.0,1.0,0.0,1.0,0.0,0.0,0.0,1.0,0.0,1.0,23.44545433738015,99.9000015258789,20.899999618530273,83.80000305175781,24.218182130293414,62.490909576416016,23.892045454545453,23.920454545454547,23.295454545454547,18.281818181818185,794.0090909090909
1533355200,04-08-18 12:00,117.0909090909091,39.81818181818182,156.9090909090909,125.45454545454545,32.90909090909091,158.36363636363637,131.0,55.54545454545455,186.54545454545453,120.45454545454545,36.36363636363637,156.8181818181818,116.45454545454545,42.81818181818182,159.27272727272728,117.36363636363636,38.45454545454545,155.8181818181818,135.9090909090909,45.09090909090909,181.0,23.381817904385652,99.9000015258789,20.899999618530273,83.80000305175781,23.718181956898082,68.56363677978516,29.164772727272727,29.369318181818183,27.522727272727273,18.6,714.7572727272728
1533369600,04-08-18 16:00,114.1,41.0,155.1,121.6,34.7,156.3,127.8,56.7,184.5,118.0,37.0,155.0,113.5,43.9,157.4,114.6,39.2,153.8,133.1,46.4,179.5,24.77999954223633,99.9000015258789,20.899999618530273,83.80000305175781,25.560000228881837,64.36000022888183,33.10625,33.2375,30.81875,18.592999999999996,698.45
1533384000,04-08-18 20:00,113.7,41.0,154.7,121.5,34.9,156.4,127.7,56.9,184.6,117.8,37.5,155.3,113.5,43.8,157.3,114.6,39.5,154.1,132.2,46.3,178.5,25.20000076293945,99.9000015258789,20.899999618530273,83.80000305175781,25.84999942779541,64.05000076293945,33.54375,33.63125,31.78125,18.668,747.5049999999999
1533398400,05-08-18 00:00,114.0,41.0,155.0,122.0,34.36363636363637,156.36363636363637,127.63636363636364,56.45454545454545,184.0909090909091,116.63636363636364,37.45454545454545,154.0909090909091,112.63636363636364,44.18181818181818,156.8181818181818,114.36363636363636,39.45454545454545,153.8181818181818,132.1818181818182,46.45454545454545,178.63636363636363,24.66363698785955,99.9000015258789,20.899999618530273,83.80000305175781,24.918181852860883,65.9636362249201,33.13068181818182,33.26704545454545,31.017045454545453,18.61090909090909,754.5536363636364
1533412800,05-08-18 04:00,114.0,41.0,155.0,121.45454545454545,34.90909090909091,156.36363636363637,127.54545454545455,56.54545454545455,184.0909090909091,117.27272727272727,37.45454545454545,154.72727272727272,113.45454545454545,43.81818181818182,157.27272727272728,114.45454545454545,39.0,153.45454545454547,132.1818181818182,46.36363636363637,178.54545454545453,24.899999618530273,99.9000015258789,20.899999618530273,83.80000305175781,25.490909056230024,63.90909125588157,33.01704545454545,33.0625,30.625,18.548181818181817,756.9136363636363
1533427200,05-08-18 08:00,0.0,0.0,0.0,0.0,0.0,0.0,0.0,0.0,0.0,1.0,0.0,1.0,1.0,0.0,1.0,0.0,0.0,0.0,1.0,0.0,1.0,23.439999771118163,99.9000015258789,20.899999618530273,83.80000305175781,24.19000072479248,63.19000015258789,23.625,23.6875,23.3,18.270999999999997,849.875
1533441600,05-08-18 12:00,116.1,40.2,156.3,124.1,33.1,157.2,129.4,55.4,184.8,119.4,36.6,156.0,115.2,43.0,158.2,116.7,38.3,155.0,133.9,45.7,179.6,23.39000015258789,99.9000015258789,20.899999618530273,83.80000305175781,23.60999984741211,69.19000015258788,29.64375,29.80625,27.73125,18.523999999999997,735.509
1533456000,05-08-18 16:00,113.81818181818181,41.0,154.8181818181818,121.54545454545455,34.09090909090909,155.63636363636363,127.18181818181819,56.54545454545455,183.72727272727272,117.27272727272727,37.18181818181818,154.45454545454547,113.27272727272727,43.81818181818182,157.0909090909091,114.81818181818181,39.09090909090909,153.9090909090909,132.36363636363637,46.36363636363637,178.72727272727272,24.490909056230024,99.9000015258789,20.899999618530273,83.80000305175781,25.127273212779652,65.53636308149858,32.71022727272727,32.73295454545455,30.261363636363637,18.415454545454544,698.9527272727274
1533470400,05-08-18 20:00,113.45454545454545,41.0,154.45454545454547,121.36363636363636,34.45454545454545,155.8181818181818,126.45454545454545,56.45454545454545,182.9090909090909,116.18181818181819,37.63636363636363,153.8181818181818,112.54545454545455,44.27272727272727,156.8181818181818,114.0,39.63636363636363,153.63636363636363,131.0909090909091,46.45454545454545,177.54545454545453,24.60000038146973,99.9000015258789,20.899999618530273,83.80000305175781,25.3545448996804,65.06363608620383,32.85795454545455,32.92045454545455,30.414772727272727,18.525454545454544,729.0890909090908
1533484800,06-08-18 00:00,113.81818181818181,40.90909090909091,154.72727272727272,121.72727272727273,34.0,155.72727272727272,126.81818181818181,56.09090909090909,182.9090909090909,116.9090909090909,37.18181818181818,154.0909090909091,112.54545454545455,43.81818181818182,156.36363636363637,114.18181818181819,39.09090909090909,153.27272727272728,132.0,46.27272727272727,178.27272727272728,24.190909298983488,99.9000015258789,20.899999618530273,83.80000305175781,24.53636360168457,67.60000055486506,32.55113636363637,32.75568181818182,30.09090909090909,18.611818181818183,754.989090909091
1533499200,06-08-18 04:00,113.72727272727273,41.0,154.72727272727272,121.18181818181819,34.0,155.1818181818182,126.18181818181819,56.09090909090909,182.27272727272728,116.54545454545455,37.09090909090909,153.63636363636363,112.81818181818181,43.90909090909091,156.72727272727272,113.81818181818181,39.09090909090909,152.9090909090909,131.54545454545453,46.36363636363637,177.9090909090909,24.600000381469727,99.9000015258789,20.899999618530273,83.80000305175781,25.3545448996804,64.93636460737748,32.78977272727273,32.86363636363637,30.272727272727273,18.490909090909085,750.1136363636364
1533513600,06-08-18 08:00,0.0,0.0,0.0,0.0,0.0,0.0,0.0,0.0,0.0,1.0,0.0,1.0,1.0,0.0,1.0,0.0,0.0,0.0,1.0,0.0,1.0,23.230000305175782,99.9000015258789,20.899999618530273,83.80000305175781,24.100000381469727,63.38999977111816,23.5,23.6,23.1875,18.186000000000003,865.2139999999999
1533528000,06-08-18 12:00,115.7,40.0,155.7,123.5,32.4,155.9,129.0,54.9,183.9,118.8,36.3,155.1,114.8,42.7,157.5,116.1,38.1,154.2,133.4,45.3,178.7,23.489999961853027,99.9000015258789,20.899999618530273,83.80000305175781,23.950000381469728,70.1,29.5,29.55625,27.7,18.573,841.49
1533542400,06-08-18 16:00,113.18181818181819,41.54545454545455,154.72727272727272,120.27272727272727,34.81818181818182,155.0909090909091,125.81818181818181,56.36363636363637,182.1818181818182,116.0909090909091,37.72727272727273,153.8181818181818,111.81818181818181,44.45454545454545,156.27272727272728,113.27272727272727,40.18181818181818,153.45454545454547,131.0,46.72727272727273,177.72727272727272,24.800000277432527,99.9000015258789,20.899999618530273,83.80000305175781,25.800000277432527,66.02727300470525,32.85227272727273,33.03409090909091,30.829545454545453,18.46181818181818,1025.26
1533556800,06-08-18 20:00,112.63636363636364,41.0,153.63636363636363,120.27272727272727,34.09090909090909,154.36363636363637,125.9090909090909,56.27272727272727,182.1818181818182,116.36363636363636,37.27272727272727,153.63636363636363,112.0,43.90909090909091,155.9090909090909,112.81818181818181,39.45454545454545,152.27272727272728,130.1818181818182,46.81818181818182,177.0,25.10000038146973,99.9000015258789,20.899999618530273,83.80000305175781,26.181818702004172,64.53636308149858,33.61363636363637,33.63068181818182,31.255681818181817,18.55909090909091,783.2754545454544
1533571200,07-08-18 00:00,112.8,41.0,153.8,120.4,34.0,154.4,125.5,56.1,181.6,115.8,37.2,153.0,111.7,43.7,155.4,112.9,39.0,151.9,130.1,46.7,176.8,24.630000495910643,99.9000015258789,20.899999618530273,83.80000305175781,25.139999771118163,67.16999969482421,33.35,33.4125,31.0,18.509999999999998,718.017
1533585600,07-08-18 04:00,112.81818181818181,41.0,153.8181818181818,120.27272727272727,34.09090909090909,154.36363636363637,126.0909090909091,56.54545454545455,182.63636363636363,115.54545454545455,37.27272727272727,152.8181818181818,111.54545454545455,43.72727272727273,155.27272727272728,113.0909090909091,39.0,152.0909090909091,129.8181818181818,46.90909090909091,176.72727272727272,24.818181124600496,99.9000015258789,20.899999618530273,83.80000305175781,25.83636301214045,64.5363637750799,33.125,33.10227272727273,30.482954545454547,18.48272727272727,699.819090909091
1533600000,07-08-18 08:00,0.0,0.0,0.0,0.0,0.0,0.0,0.0,0.0,0.0,1.0,0.0,1.0,1.0,0.0,1.0,0.0,0.0,0.0,1.0,0.0,1.0,23.318181297995828,99.9000015258789,20.899999618530273,83.80000305175781,24.281818216497246,63.1000002080744,23.835227272727273,24.0,23.323863636363637,18.314545454545456,873.3490909090909
1533614400,07-08-18 12:00,115.0,40.2,155.2,121.7,32.7,154.4,126.7,55.9,182.6,116.9,36.8,153.7,113.3,43.2,156.5,114.8,38.1,152.9,131.9,45.8,177.7,23.51999988555908,99.9000015258789,20.899999618530273,83.80000305175781,24.05,70.09000015258789,29.99375,30.0375,28.04375,18.371,843.2
1533628800,07-08-18 16:00,11.2,4.2,15.4,12.0,3.4,15.4,12.5,5.6,18.1,11.7,3.7,15.4,11.2,4.3,15.5,11.4,3.9,15.3,13.1,4.7,17.8,25.060000228881837,99.9000015258789,20.899999618530273,83.80000305175781,26.04000015258789,61.94000053405762,33.1875,33.5,31.1875,18.225,1059.261
1533643200,07-08-18 20:00,0.0,0.0,0.0,0.0,0.0,0.0,0.0,0.0,0.0,0.0,0.0,0.0,0.0,0.0,0.0,0.0,0.0,0.0,0.0,0.0,0.0,25.29999923706055,99.9000015258789,20.899999618530273,83.80000305175781,26.290908466685906,58.663636294278234,33.64772727272727,33.74431818181818,31.789772727272727,18.317272727272726,821.5018181818181
1533657600,08-08-18 00:00,0.0,0.0,0.0,0.0,0.0,0.0,0.0,0.0,0.0,0.0,0.0,0.0,0.0,0.0,0.0,0.0,0.0,0.0,0.0,0.0,0.0,25.29999923706055,99.9000015258789,20.899999618530273,83.80000305175781,26.290908466685906,58.663636294278234,33.64772727272727,33.74431818181818,31.789772727272727,18.317272727272726,821.5018181818181
1533672000,08-08-18 04:00,0.0,0.0,0.0,0.0,0.0,0.0,0.0,0.0,0.0,0.0,0.0,0.0,0.0,0.0,0.0,0.0,0.0,0.0,0.0,0.0,0.0,25.29999923706055,99.9000015258789,20.899999618530273,83.80000305175781,26.290908466685906,58.663636294278234,33.64772727272727,33.74431818181818,31.789772727272727,18.317272727272726,821.5018181818181
1533686400,08-08-18 08:00,0.0,0.0,0.0,0.0,0.0,0.0,0.0,0.0,0.0,0.0,0.0,0.0,0.0,0.0,0.0,0.0,0.0,0.0,0.0,0.0,0.0,25.29999923706055,99.9000015258789,20.899999618530273,83.80000305175781,26.290908466685906,58.663636294278234,33.64772727272727,33.74431818181818,31.789772727272727,18.317272727272726,821.5018181818181
1533700800,08-08-18 12:00,146.1,85.3,231.4,151.6,80.6,232.2,161.8,115.3,277.1,149.2,79.5,228.7,143.4,90.1,233.5,145.2,82.2,227.4,168.7,98.5,267.2,24.11000003814697,99.9000015258789,20.899999618530273,83.80000305175781,24.610000228881837,64.54999923706055,35.775,36.2125,32.425,18.35,1038.245
1533715200,08-08-18 16:00,145.0,62.81818181818182,207.8181818181818,151.0,55.27272727272727,206.27272727272728,162.0,85.18181818181819,247.1818181818182,149.0,56.45454545454545,205.45454545454547,144.0,65.81818181818181,209.8181818181818,145.0,59.27272727272727,204.27272727272728,169.0,70.63636363636364,239.63636363636363,26.22727290066806,99.9000015258789,20.899999618530273,83.80000305175781,27.20000024275346,57.33636405251243,39.05681818181818,39.01704545454545,35.1875,18.283636363636365,795.4709090909091
1533729600,08-08-18 20:00,145.0,63.0,208.0,151.0,55.72727272727273,206.72727272727272,161.0,85.9090909090909,246.9090909090909,149.0,57.18181818181818,206.1818181818182,143.0,66.36363636363636,209.36363636363637,144.0,60.0,204.0,168.0,71.18181818181819,239.1818181818182,26.70000076293945,99.9000015258789,20.899999618530273,83.80000305175781,27.536363775079902,55.63636432994496,39.40340909090909,39.39204545454545,35.59659090909091,18.349999999999998,777.6727272727272
1533744000,09-08-18 00:00,144.8,63.8,208.6,151.7,55.6,207.3,160.9,86.4,247.3,148.6,57.7,206.3,142.7,66.5,209.2,144.7,59.2,203.9,168.4,70.8,239.2,26.07000026702881,99.9000015258789,20.899999618530273,83.80000305175781,26.530000114440917,58.29000015258789,38.93125,38.975,34.8625,18.276999999999997,779.4780000000001
1533758400,09-08-18 04:00,145.0,62.7,207.7,152.0,55.4,207.4,161.0,84.9,245.9,149.0,56.4,205.4,143.0,66.4,209.4,145.0,59.8,204.8,168.0,70.7,238.7,26.19000072479248,99.9000015258789,20.899999618530273,83.80000305175781,27.25999984741211,56.70999984741211,38.4375,38.4375,34.28125,18.313,816.663
1533772800,09-08-18 08:00,0.0,0.0,0.0,0.0,0.0,0.0,1.0,0.0,1.0,1.0,0.0,1.0,1.0,0.0,1.0,0.0,0.0,0.0,1.0,0.0,1.0,24.081818493929777,99.9000015258789,20.899999618530273,83.80000305175781,25.263636328957297,60.063636779785156,24.90340909090909,24.926136363636363,24.181818181818183,18.029999999999998,952.6609090909092
1533787200,09-08-18 12:00,150.0909090909091,61.27272727272727,211.36363636363637,157.8181818181818,52.27272727272727,210.0909090909091,165.54545454545453,84.0,249.54545454545453,152.27272727272728,56.0,208.27272727272728,147.1818181818182,64.45454545454545,211.63636363636363,149.8181818181818,57.27272727272727,207.0909090909091,172.1818181818182,69.45454545454545,241.63636363636363,23.990909229625355,99.9000015258789,20.899999618530273,83.80000305175781,24.51818188753995,64.43636287342419,33.03977272727273,33.22159090909091,30.28409090909091,18.222727272727273,812.9263636363637
1533801600,09-08-18 16:00,144.0,62.6,206.6,151.0,55.2,206.2,160.0,85.5,245.5,147.5,56.8,204.3,142.0,66.3,208.3,144.0,58.9,202.9,167.0,70.6,237.6,25.8899995803833,99.9000015258789,20.899999618530273,83.80000305175781,26.8899995803833,57.829999923706055,38.575,38.55625,34.64375,18.244999999999997,779.7030000000001
1533816000,09-08-18 20:00,144.0,62.9,206.9,150.5,55.0,205.5,159.4,86.0,245.4,147.0,57.0,204.0,141.4,66.2,207.6,144.0,59.1,203.1,166.0,71.1,237.1,26.359999465942384,99.9000015258789,20.899999618530273,83.80000305175781,27.24000015258789,57.02000045776367,38.98125,39.00625,35.125,18.318,804.2059999999999
1533830400,10-08-18 00:00,143.72727272727272,62.36363636363637,206.0909090909091,150.8181818181818,54.90909090909091,205.72727272727272,158.8181818181818,85.45454545454545,244.27272727272728,146.36363636363637,57.27272727272727,203.63636363636363,140.63636363636363,65.72727272727273,206.36363636363637,143.8181818181818,58.90909090909091,202.72727272727272,165.72727272727272,70.81818181818181,236.54545454545453,25.727273074063387,99.9000015258789,20.899999618530273,83.80000305175781,26.309090874411844,60.45454580133612,38.68181818181818,38.72159090909091,34.42613636363637,18.27181818181818,813.4390909090909
1533844800,10-08-18 04:00,144.0,62.0,206.0,151.0,54.63636363636363,205.63636363636363,159.0,84.9090909090909,243.9090909090909,146.0,56.63636363636363,202.63636363636363,141.0,65.45454545454545,206.45454545454547,144.0,58.27272727272727,202.27272727272728,165.45454545454547,70.63636363636364,236.0909090909091,25.8545448996804,99.9000015258789,20.899999618530273,83.80000305175781,27.081818493929777,57.77272761951793,38.21022727272727,38.1875,34.21590909090909,18.20727272727273,848.3181818181819
1533859200,10-08-18 08:00,0.0,0.0,0.0,0.0,0.0,0.0,0.0,0.0,0.0,1.0,0.0,1.0,1.0,0.0,1.0,0.0,0.0,0.0,1.0,0.0,1.0,23.899999618530273,99.9000015258789,20.899999618530273,83.80000305175781,25.080000305175783,61.12000007629395,24.7375,24.78125,24.05,17.963,979.0200000000001
1533873600,10-08-18 12:00,147.27272727272728,61.18181818181818,208.45454545454547,155.1818181818182,51.81818181818182,207.0,162.0,83.0909090909091,245.0909090909091,148.63636363636363,56.0,204.63636363636363,143.72727272727272,64.81818181818181,208.54545454545453,147.63636363636363,56.36363636363637,204.0,167.72727272727272,69.0,236.72727272727272,23.954545454545453,99.9000015258789,20.899999618530273,83.80000305175781,24.618181748823687,65.4545451077548,33.6875,33.83522727272727,30.72159090909091,18.146363636363635,891.2809090909091
1533888000,10-08-18 16:00,142.0,62.18181818181818,204.1818181818182,149.1818181818182,54.18181818181818,203.36363636363637,157.0,84.63636363636364,241.63636363636363,144.0909090909091,56.27272727272727,200.36363636363637,139.0,65.36363636363636,204.36363636363637,143.0,57.90909090909091,200.9090909090909,163.0,70.63636363636364,233.63636363636363,25.86363584345037,99.9000015258789,20.899999618530273,83.80000305175781,26.83636301214045,58.490908882834695,38.6875,38.60795454545455,34.65909090909091,18.21090909090909,826.2018181818183
1533902400,10-08-18 20:00,142.0,62.1,204.1,149.0,54.3,203.3,157.0,85.1,242.1,144.0,57.2,201.2,139.0,65.7,204.7,142.0,58.8,200.8,162.5,70.4,232.9,26.230000305175782,99.9000015258789,20.899999618530273,83.80000305175781,27.20000057220459,57.35,39.0,39.03125,35.1375,18.237000000000002,850.912
1533916800,11-08-18 00:00,141.7,62.1,203.8,149.2,54.2,203.4,156.3,85.0,241.3,142.8,57.0,199.8,137.8,65.1,202.9,142.7,57.9,200.6,161.8,70.6,232.4,25.600000381469727,99.9000015258789,20.899999618530273,83.80000305175781,26.20999984741211,61.28999977111816,38.6625,38.7,34.43125,18.181,843.2050000000002
1533931200,11-08-18 04:00,141.0,61.90909090909091,202.9090909090909,149.0,53.45454545454545,202.45454545454547,156.0,84.72727272727273,240.72727272727272,143.0,56.72727272727273,199.72727272727272,138.0,65.45454545454545,203.45454545454547,143.0,56.45454545454545,199.45454545454547,161.9090909090909,70.45454545454545,232.36363636363637,25.709091533314094,99.9000015258789,20.899999618530273,83.80000305175781,27.009090943769976,58.6090913252397,38.125,38.09090909090909,34.15340909090909,18.059090909090912,817.9136363636364
1533945600,11-08-18 08:00,0.0,0.0,0.0,0.0,0.0,0.0,0.0,0.0,0.0,1.0,0.0,1.0,1.0,0.0,1.0,0.0,0.0,0.0,1.0,0.0,1.0,23.809090701016512,99.9000015258789,20.899999618530273,83.80000305175781,24.990909056230024,62.29999993064187,24.670454545454547,24.75,24.005681818181817,17.848181818181818,978.5636363636364
1533960000,11-08-18 12:00,145.54545454545453,60.36363636363637,205.9090909090909,154.63636363636363,50.63636363636363,205.27272727272728,159.54545454545453,82.63636363636364,242.1818181818182,145.72727272727272,55.27272727272727,201.0,141.36363636363637,63.81818181818182,205.1818181818182,146.8181818181818,52.45454545454545,199.27272727272728,164.45454545454547,68.9090909090909,233.36363636363637,23.672727411443535,99.9000015258789,20.899999618530273,83.80000305175781,24.363636190241035,67.19090964577414,32.89204545454545,33.02840909090909,30.073863636363637,18.069999999999997,873.7054545454546
1533974400,11-08-18 16:00,140.0,61.7,201.7,148.0,53.3,201.3,154.2,83.7,237.9,141.0,56.7,197.7,136.1,64.4,200.5,141.0,53.7,194.7,159.0,70.2,229.2,25.530000114440917,99.9000015258789,20.899999618530273,83.80000305175781,26.829999351501463,60.89000053405762,38.41875,38.40625,34.5125,18.202999999999996,831.073
1533988800,11-08-18 20:00,139.5,61.9,201.4,147.8,53.3,201.1,154.0,84.0,238.0,140.0,56.3,196.3,136.0,64.7,200.7,141.0,53.2,194.2,158.7,70.1,228.8,25.829999351501463,99.9000015258789,20.899999618530273,83.80000305175781,27.210000610351564,60.35999984741211,38.75625,38.7625,34.9375,18.186,821.6569999999999
1534003200,12-08-18 00:00,138.9,61.5,200.4,147.8,53.0,200.8,152.9,84.1,237.0,139.7,56.5,196.2,134.8,65.3,200.1,140.7,52.6,193.3,157.8,70.4,228.2,25.269999694824218,99.9000015258789,20.899999618530273,83.80000305175781,26.05,63.089999771118165,38.4375,38.48125,34.19375,18.178000000000004,852.2279999999998
1534017600,12-08-18 04:00,139.0,61.45454545454545,200.45454545454547,148.0,52.27272727272727,200.27272727272728,153.0,83.72727272727273,236.72727272727272,139.0,56.0,195.0,135.0,64.36363636363636,199.36363636363637,140.8181818181818,51.09090909090909,191.9090909090909,157.0,70.0,227.0,25.399999618530273,99.9000015258789,20.899999618530273,83.80000305175781,26.8545448996804,59.68181818181818,37.94886363636363,37.94318181818182,34.02840909090909,18.235454545454544,870.7918181818183
1534032000,12-08-18 08:00,0.0,0.0,0.0,0.0,0.0,0.0,0.0,0.0,0.0,1.0,0.0,1.0,1.0,0.0,1.0,0.0,0.0,0.0,1.0,0.0,1.0,23.563636606389824,99.9000015258789,20.899999618530273,83.80000305175781,24.8545448996804,64.2909084666859,24.522727272727273,24.613636363636363,23.857954545454547,17.94272727272727,1057.4163636363637
1534046400,12-08-18 12:00,142.3,60.0,202.3,151.5,49.8,201.3,155.2,82.0,237.2,141.1,55.6,196.7,137.2,63.1,200.3,143.6,49.0,192.6,158.8,69.2,228.0,23.48000011444092,99.9000015258789,20.899999618530273,83.80000305175781,24.29000015258789,68.69000015258788,33.51875,33.59375,30.49375,18.069000000000003,937.4029999999999
1534060800,12-08-18 16:00,138.0,61.1,199.1,146.7,52.3,199.0,151.0,83.1,234.1,137.0,56.1,193.1,133.0,63.9,196.9,139.0,48.6,187.6,155.0,69.9,224.9,25.120000457763673,99.9000015258789,20.899999618530273,83.80000305175781,26.700000190734862,63.85999984741211,38.2875,38.2,34.35625,18.162,855.5870000000001
1534075200,12-08-18 20:00,137.0,61.0,198.0,146.0,52.0,198.0,150.0,83.1,233.1,137.0,56.1,193.1,133.0,63.9,196.9,138.0,47.6,185.6,154.0,69.8,223.8,25.54000015258789,99.9000015258789,20.899999618530273,83.80000305175781,27.100000381469727,62.85999984741211,38.6375,38.64375,34.80625,18.173000000000002,914.6029999999998
1534089600,13-08-18 00:00,137.0,61.0,198.0,146.0,52.0,198.0,150.0,83.1,233.1,137.0,56.1,193.1,133.0,63.9,196.9,138.0,47.6,185.6,154.0,69.8,223.8,25.54000015258789,99.9000015258789,20.899999618530273,83.80000305175781,27.100000381469727,62.85999984741211,38.6375,38.64375,34.80625,18.173000000000002,914.6029999999998
1534104000,13-08-18 04:00,137.0,61.0,198.0,146.0,52.0,198.0,150.0,83.1,233.1,137.0,56.1,193.1,133.0,63.9,196.9,138.0,47.6,185.6,154.0,69.8,223.8,25.54000015258789,99.9000015258789,20.899999618530273,83.80000305175781,27.100000381469727,62.85999984741211,38.6375,38.64375,34.80625,18.173000000000002,914.6029999999998
1534118400,13-08-18 08:00,137.0,61.0,198.0,146.0,52.0,198.0,150.0,83.1,233.1,137.0,56.1,193.1,133.0,63.9,196.9,138.0,47.6,185.6,154.0,69.8,223.8,25.54000015258789,99.9000015258789,20.899999618530273,83.80000305175781,27.100000381469727,62.85999984741211,38.6375,38.64375,34.80625,18.173000000000002,914.6029999999998
1534132800,13-08-18 12:00,137.0,61.0,198.0,146.0,52.0,198.0,150.0,83.1,233.1,137.0,56.1,193.1,133.0,63.9,196.9,138.0,47.6,185.6,154.0,69.8,223.8,25.54000015258789,99.9000015258789,20.899999618530273,83.80000305175781,27.100000381469727,62.85999984741211,38.6375,38.64375,34.80625,18.173000000000002,914.6029999999998
1534147200,13-08-18 16:00,135.9,60.0,195.9,145.6,50.7,196.3,148.1,81.1,229.2,133.9,55.4,189.3,130.7,62.9,193.6,134.0,42.2,176.2,150.7,70.1,220.8,24.690000152587892,99.9000015258789,20.899999618530273,83.80000305175781,26.439999961853026,69.13000030517578,37.11875,37.43125,33.825,18.13,1253.637
1534161600,13-08-18 20:00,135.0,60.27272727272727,195.27272727272728,145.0,50.63636363636363,195.63636363636363,147.0909090909091,81.72727272727273,228.8181818181818,133.0,55.72727272727273,188.72727272727272,130.0,63.54545454545455,193.54545454545453,132.0,39.90909090909091,171.9090909090909,150.0,69.54545454545455,219.54545454545453,24.76363615556197,99.9000015258789,20.899999618530273,83.80000305175781,26.60000038146973,66.18181748823686,37.8125,37.82954545454545,33.84659090909091,18.09272727272727,955.9009090909091
1534176000,14-08-18 00:00,135.0,59.54545454545455,194.54545454545453,145.0,50.27272727272727,195.27272727272728,147.0,81.0,228.0,132.72727272727272,55.72727272727273,188.45454545454547,129.54545454545453,63.27272727272727,192.8181818181818,131.0,38.81818181818182,169.8181818181818,149.0,69.54545454545455,218.54545454545453,24.327272068370473,99.9000015258789,20.899999618530273,83.80000305175781,25.418181852860883,70.04545454545455,37.45454545454545,37.73295454545455,33.28977272727273,17.97181818181818,884.9845454545452
1534190400,14-08-18 04:00,134.0,59.0,193.0,145.0,50.1,195.1,146.0,81.2,227.2,132.0,55.4,187.4,129.0,62.7,191.7,131.0,37.7,168.7,148.0,69.4,217.4,24.6100004196167,99.9000015258789,20.899999618530273,83.80000305175781,26.41999969482422,66.7599998474121,37.61875,37.6375,33.5375,18.022999999999996,856.882
1534204800,14-08-18 08:00,0.0,0.0,0.0,0.0,0.0,0.0,0.0,0.0,0.0,1.0,0.0,1.0,0.0,0.0,0.0,0.0,0.0,0.0,0.0,0.0,0.0,23.0727275501598,99.9000015258789,20.899999618530273,83.80000305175781,24.545454718849875,70.58181762695312,24.15340909090909,24.380681818181817,23.693181818181817,17.799090909090914,1050.5427272727272
1534219200,14-08-18 12:00,137.0,54.63636363636363,191.63636363636363,148.8181818181818,47.18181818181818,196.0,148.72727272727272,79.9090909090909,228.63636363636363,133.27272727272728,53.09090909090909,186.36363636363637,131.54545454545453,61.81818181818182,193.36363636363637,133.27272727272728,35.63636363636363,168.9090909090909,149.8181818181818,68.0909090909091,217.9090909090909,23.181818181818183,99.9000015258789,20.899999618530273,83.80000305175781,23.990909229625355,73.84545412930575,32.88068181818182,33.1875,30.3125,17.99272727272727,1036.2172727272728
1534233600,14-08-18 16:00,108.81818181818181,48.90909090909091,157.72727272727272,117.0,40.90909090909091,157.9090909090909,117.9090909090909,66.63636363636364,184.54545454545453,106.36363636363636,45.09090909090909,151.45454545454547,104.0,51.54545454545455,155.54545454545453,97.18181818181819,21.454545454545453,118.63636363636364,119.45454545454545,56.90909090909091,176.36363636363637,24.63636415654963,99.9000015258789,20.899999618530273,83.80000305175781,26.200000416148793,73.30000097101384,37.89204545454545,38.03977272727273,34.375,18.048181818181817,1228.8490909090908
1534248000,14-08-18 20:00,0.0,0.0,0.0,0.0,0.0,0.0,0.0,0.0,0.0,0.0,0.0,0.0,0.0,0.0,0.0,0.0,0.0,0.0,0.0,0.0,0.0,24.989999961853027,99.9000015258789,20.899999618530273,83.80000305175781,26.409999656677247,74.01000061035157,38.2875,38.25625,34.29375,18.342,774.693
1534262400,15-08-18 00:00,0.0,0.0,0.0,0.0,0.0,0.0,0.0,0.0,0.0,0.0,0.0,0.0,0.0,0.0,0.0,0.0,0.0,0.0,0.0,0.0,0.0,24.545454718849875,99.9000015258789,20.899999618530273,83.80000305175781,25.472727342085406,76.35454559326172,38.4375,38.63636363636363,34.11363636363637,18.384545454545453,780.4727272727272
1534276800,15-08-18 04:00,0.0,0.0,0.0,0.0,0.0,0.0,0.0,0.0,0.0,0.0,0.0,0.0,0.0,0.0,0.0,0.0,0.0,0.0,0.0,0.0,0.0,24.309091221202507,99.9000015258789,20.899999618530273,83.80000305175781,25.800000277432527,72.08181832053445,34.09659090909091,34.0625,31.193181818181817,18.243636363636366,838.6190909090909
1534291200,15-08-18 08:00,0.0,0.0,0.0,0.0,0.0,0.0,0.0,0.0,0.0,0.0,0.0,0.0,0.0,0.0,0.0,0.0,0.0,0.0,0.0,0.0,0.0,23.141666730244953,99.9000015258789,20.899999618530273,83.80000305175781,24.541666348775227,73.59999910990398,25.401041666666668,25.536458333333332,24.5,18.110833333333332,939.9416666666666
1534305600,15-08-18 12:00,0.0,0.0,0.0,0.0,0.0,0.0,0.0,0.0,0.0,0.0,0.0,0.0,0.0,0.0,0.0,0.0,0.0,0.0,0.0,0.0,0.0,22.989999961853027,99.9000015258789,20.899999618530273,83.80000305175781,23.739999961853027,80.4400016784668,33.03125,33.38125,30.25625,18.402,849.25
1534320000,15-08-18 16:00,0.0,0.0,0.0,0.0,0.0,0.0,0.0,0.0,0.0,0.0,0.0,0.0,0.0,0.0,0.0,0.0,0.0,0.0,0.0,0.0,0.0,24.27999973297119,99.9000015258789,20.899999618530273,83.80000305175781,25.630000495910643,77.60000076293946,37.45,37.59375,33.7,18.384,798.286
1534334400,15-08-18 20:00,0.0,0.0,0.0,0.0,0.0,0.0,0.0,0.0,0.0,0.0,0.0,0.0,0.0,0.0,0.0,0.0,0.0,0.0,0.0,0.0,0.0,24.581818493929777,99.9000015258789,20.899999618530273,83.80000305175781,25.954545281150125,76.67272671786222,37.72727272727273,37.92045454545455,34.01136363636363,18.55,796.9645454545455
1534348800,16-08-18 00:00,0.0,0.0,0.0,0.0,0.0,0.0,0.0,0.0,0.0,0.0,0.0,0.0,0.0,0.0,0.0,0.0,0.0,0.0,0.0,0.0,0.0,24.20000058954412,99.9000015258789,20.899999618530273,83.80000305175781,24.89090919494629,78.36363497647372,37.76136363636363,37.94886363636363,33.42613636363637,18.44181818181818,839.0872727272726
1534363200,16-08-18 04:00,0.0,0.0,0.0,0.0,0.0,0.0,0.0,0.0,0.0,0.0,0.0,0.0,0.0,0.0,0.0,0.0,0.0,0.0,0.0,0.0,0.0,24.25,99.9000015258789,20.899999618530273,83.80000305175781,25.530000114440917,72.7599998474121,37.025,37.24375,33.35,18.431999999999995,786.698
1534377600,16-08-18 08:00,0.0,0.0,0.0,0.0,0.0,0.0,0.0,0.0,0.0,0.0,0.0,0.0,0.0,0.0,0.0,0.0,0.0,0.0,0.0,0.0,0.0,22.92999973297119,99.9000015258789,20.899999618530273,83.80000305175781,24.190000724792476,76.23999938964843,24.31875,24.5,23.6125,18.127999999999997,1002.202
1534392000,16-08-18 12:00,0.0,0.0,0.0,0.0,0.0,0.0,0.0,0.0,0.0,0.0,0.0,0.0,0.0,0.0,0.0,0.0,0.0,0.0,0.0,0.0,0.0,22.990909056230024,99.9000015258789,20.899999618530273,83.80000305175781,23.509091117165305,82.49090922962536,32.79545454545455,32.96022727272727,29.880681818181817,18.371818181818185,977.7290909090909
1534406400,16-08-18 16:00,0.0,0.0,0.0,0.0,0.0,0.0,0.0,0.0,0.0,0.0,0.0,0.0,0.0,0.0,0.0,0.0,0.0,0.0,0.0,0.0,0.0,24.29090864008123,99.9000015258789,20.899999618530273,83.80000305175781,25.145454926924273,76.21818126331677,37.44318181818182,37.53409090909091,33.88636363636363,18.465454545454545,871.6045454545455
1534420800,16-08-18 20:00,0.0,0.0,0.0,0.0,0.0,0.0,0.0,0.0,0.0,0.0,0.0,0.0,0.0,0.0,0.0,0.0,0.0,0.0,0.0,0.0,0.0,24.590000343322753,99.9000015258789,20.899999618530273,83.80000305175781,25.3899995803833,75.43999938964843,37.63125,37.88125,34.16875,18.453,825.608
1534435200,17-08-18 00:00,0.0,0.0,0.0,0.0,0.0,0.0,0.0,0.0,0.0,0.0,0.0,0.0,0.0,0.0,0.0,0.0,0.0,0.0,0.0,0.0,0.0,24.129999923706055,99.9000015258789,20.899999618530273,83.80000305175781,24.410000228881835,79.05999984741212,37.45,37.58125,33.575,18.379,829.033
1534449600,17-08-18 04:00,0.0,0.0,0.0,0.0,0.0,0.0,0.0,0.0,0.0,0.0,0.0,0.0,0.0,0.0,0.0,0.0,0.0,0.0,0.0,0.0,0.0,24.127273212779652,99.9000015258789,20.899999618530273,83.80000305175781,25.027272831309926,74.46363553133878,36.86363636363637,37.125,33.26704545454545,18.365454545454543,845.0236363636363
1534464000,17-08-18 08:00,0.0,0.0,0.0,0.0,0.0,0.0,0.0,0.0,0.0,0.0,0.0,0.0,0.0,0.0,0.0,0.0,0.0,0.0,0.0,0.0,0.0,22.972727168690074,99.9000015258789,20.899999618530273,83.80000305175781,24.100000381469727,76.93636391379617,24.119318181818183,24.431818181818183,23.732954545454547,18.10909090909091,1010.0581818181817
1534478400,17-08-18 12:00,0.0,0.0,0.0,0.0,0.0,0.0,0.0,0.0,0.0,0.0,0.0,0.0,0.0,0.0,0.0,0.0,0.0,0.0,0.0,0.0,0.0,22.960000228881835,99.9000015258789,20.899999618530273,83.80000305175781,23.2,82.93000106811523,33.05625,33.25,30.0125,18.34,781.394
1534492800,17-08-18 16:00,0.0,0.0,0.0,0.0,0.0,0.0,0.0,0.0,0.0,0.0,0.0,0.0,0.0,0.0,0.0,0.0,0.0,0.0,0.0,0.0,0.0,24.54000015258789,99.9000015258789,20.899999618530273,83.80000305175781,25.160000038146972,79.37999954223633,37.875,38.06875,34.54375,18.433,1147.834
1534507200,17-08-18 20:00,0.0,0.0,0.0,0.0,0.0,0.0,0.0,0.0,0.0,0.0,0.0,0.0,0.0,0.0,0.0,0.0,0.0,0.0,0.0,0.0,0.0,24.63636415654963,99.9000015258789,20.899999618530273,83.80000305175781,25.20000076293945,74.0363637750799,38.00568181818182,38.27840909090909,34.15909090909091,17.93,1035.7363636363634
1534521600,18-08-18 00:00,0.0,0.0,0.0,0.0,0.0,0.0,0.0,0.0,0.0,0.0,0.0,0.0,0.0,0.0,0.0,0.0,0.0,0.0,0.0,0.0,0.0,24.327272068370473,99.9000015258789,20.899999618530273,83.80000305175781,24.1999998959628,76.89999944513494,37.86363636363637,38.05113636363637,34.05681818181818,17.934545454545454,1013.1709090909094
1534536000,18-08-18 04:00,0.0,0.0,0.0,0.0,0.0,0.0,0.0,0.0,0.0,0.0,0.0,0.0,0.0,0.0,0.0,0.0,0.0,0.0,0.0,0.0,0.0,24.379999542236327,99.9000015258789,20.899999618530273,83.80000305175781,24.91999969482422,73.00999908447265,37.49375,37.36875,33.49375,18.011000000000003,1037.655
1534550400,18-08-18 08:00,0.0,0.0,0.0,0.0,0.0,0.0,0.0,0.0,0.0,0.0,0.0,0.0,0.0,0.0,0.0,0.0,0.0,0.0,0.0,0.0,0.0,23.04000015258789,99.9000015258789,20.899999618530273,83.80000305175781,24.28999938964844,76.56999969482422,24.1,24.38125,23.9,17.934,1129.986
1534564800,18-08-18 12:00,0.0,0.0,0.0,0.0,0.0,0.0,0.0,0.0,0.0,0.0,0.0,0.0,0.0,0.0,0.0,0.0,0.0,0.0,0.0,0.0,0.0,22.827272761951793,99.9000015258789,20.899999618530273,83.80000305175781,22.936363740400836,79.55454531582919,33.14772727272727,33.125,29.96590909090909,18.11818181818182,1000.3427272727273
1534579200,18-08-18 16:00,0.0,0.0,0.0,0.0,0.0,0.0,0.0,0.0,0.0,0.0,0.0,0.0,0.0,0.0,0.0,0.0,0.0,0.0,0.0,0.0,0.0,24.063636606389824,99.9000015258789,20.899999618530273,83.80000305175781,24.44545433738015,73.20909049294211,37.39204545454545,37.63068181818182,33.56818181818182,18.137272727272727,958.0054545454545
1534593600,18-08-18 20:00,0.0,0.0,0.0,0.0,0.0,0.0,0.0,0.0,0.0,0.0,0.0,0.0,0.0,0.0,0.0,0.0,0.0,0.0,0.0,0.0,0.0,24.366666158040363,99.9000015258789,20.899999618530273,83.80000305175781,24.79999923706055,72.11666615804036,37.697916666666664,37.979166666666664,33.760416666666664,18.118333333333336,926.0916666666667
1534608000,19-08-18 00:00,0.0,0.0,0.0,0.0,0.0,0.0,0.0,0.0,0.0,0.0,0.0,0.0,0.0,0.0,0.0,0.0,0.0,0.0,0.0,0.0,0.0,24.366666158040363,99.9000015258789,20.899999618530273,83.80000305175781,24.79999923706055,72.11666615804036,37.697916666666664,37.979166666666664,33.760416666666664,18.118333333333336,926.0916666666667
1534622400,19-08-18 04:00,0.0,0.0,0.0,0.0,0.0,0.0,0.0,0.0,0.0,0.0,0.0,0.0,0.0,0.0,0.0,0.0,0.0,0.0,0.0,0.0,0.0,24.366666158040363,99.9000015258789,20.899999618530273,83.80000305175781,24.79999923706055,72.11666615804036,37.697916666666664,37.979166666666664,33.760416666666664,18.118333333333336,926.0916666666667
1534636800,19-08-18 08:00,0.0,0.0,0.0,0.0,0.0,0.0,0.0,0.0,0.0,0.0,0.0,0.0,0.0,0.0,0.0,0.0,0.0,0.0,0.0,0.0,0.0,22.09090943769975,99.9000015258789,20.899999618530273,83.80000305175781,23.245454614812676,79.70909049294211,23.0625,23.34090909090909,22.977272727272727,17.899090909090912,1082.36
1534651200,19-08-18 12:00,0.0,0.0,0.0,0.0,0.0,0.0,0.0,0.0,0.0,0.0,0.0,0.0,0.0,0.0,0.0,0.0,0.0,0.0,0.0,0.0,0.0,22.245454441417348,99.9000015258789,20.899999618530273,83.80000305175781,22.381817904385652,80.90000083229758,32.07954545454545,32.06818181818182,29.113636363636363,18.115454545454543,978.5490909090909
1534665600,19-08-18 16:00,0.0,0.0,0.0,0.0,0.0,0.0,0.0,0.0,0.0,0.0,0.0,0.0,0.0,0.0,0.0,0.0,0.0,0.0,0.0,0.0,0.0,23.720000076293946,99.9000015258789,20.899999618530273,83.80000305175781,24.130000495910643,73.05,37.16875,37.3625,33.275,18.174,956.814
1534680000,19-08-18 20:00,0.0,0.0,0.0,0.0,0.0,0.0,0.0,0.0,0.0,0.0,0.0,0.0,0.0,0.0,0.0,0.0,0.0,0.0,0.0,0.0,0.0,24.218182303688742,99.9000015258789,20.899999618530273,83.80000305175781,24.627273212779652,71.15454517711292,37.53977272727273,37.8125,33.66477272727273,18.179090909090913,943.3818181818183
1534694400,20-08-18 00:00,0.0,0.0,0.0,0.0,0.0,0.0,0.0,0.0,0.0,0.0,0.0,0.0,0.0,0.0,0.0,0.0,0.0,0.0,0.0,0.0,0.0,23.90909056230025,99.9000015258789,20.899999618530273,83.80000305175781,23.79999975724654,74.80000027743253,37.60795454545455,37.69318181818182,33.72727272727273,18.20909090909091,1015.4818181818181
1534708800,20-08-18 04:00,0.0,0.0,0.0,0.0,0.0,0.0,0.0,0.0,0.0,0.0,0.0,0.0,0.0,0.0,0.0,0.0,0.0,0.0,0.0,0.0,0.0,24.0727275501598,99.9000015258789,20.899999618530273,83.80000305175781,24.563636606389824,71.23636349764737,37.19318181818182,37.07386363636363,33.25,18.12090909090909,1018.9790909090912
1534723200,20-08-18 08:00,0.0,0.0,0.0,0.0,0.0,0.0,0.0,0.0,0.0,0.0,0.0,0.0,0.0,0.0,0.0,0.0,0.0,0.0,0.0,0.0,0.0,22.859999465942384,99.9000015258789,20.899999618530273,83.80000305175781,24.10000038146973,74.0099998474121,23.875,24.14375,23.65,17.799,1173.931
1534737600,20-08-18 12:00,0.0,0.0,0.0,0.0,0.0,0.0,0.0,0.0,0.0,0.0,0.0,0.0,0.0,0.0,0.0,0.0,0.0,0.0,0.0,0.0,0.0,22.85,99.9000015258789,20.899999618530273,83.80000305175781,22.81999988555908,77.90999984741211,33.63125,33.375,30.23125,18.082,1194.665
1534752000,20-08-18 16:00,0.0,0.0,0.0,0.0,0.0,0.0,0.0,0.0,0.0,0.0,0.0,0.0,0.0,0.0,0.0,0.0,0.0,0.0,0.0,0.0,0.0,24.209091013128106,99.9000015258789,20.899999618530273,83.80000305175781,24.536363775079902,73.9090902155096,38.18181818181818,38.03409090909091,33.73863636363637,18.150909090909092,1111.0463636363636
1534766400,20-08-18 20:00,0.0,0.0,0.0,0.0,0.0,0.0,0.0,0.0,0.0,0.0,0.0,0.0,0.0,0.0,0.0,0.0,0.0,0.0,0.0,0.0,0.0,24.63636415654963,99.9000015258789,20.899999618530273,83.80000305175781,24.890908674760297,71.6909082586115,38.57954545454545,38.38068181818182,34.07954545454545,18.26181818181818,1030.7227272727273
1534780800,21-08-18 00:00,0.0,0.0,0.0,0.0,0.0,0.0,0.0,0.0,0.0,0.0,0.0,0.0,0.0,0.0,0.0,0.0,0.0,0.0,0.0,0.0,0.0,24.045454718849875,99.9000015258789,20.899999618530273,83.80000305175781,23.89090936834162,74.34545412930575,38.23295454545455,38.15340909090909,33.59659090909091,18.164545454545454,1021.6545454545452
1534795200,21-08-18 04:00,0.0,0.0,0.0,0.0,0.0,0.0,0.0,0.0,0.0,0.0,0.0,0.0,0.0,0.0,0.0,0.0,0.0,0.0,0.0,0.0,0.0,24.24000015258789,99.9000015258789,20.899999618530273,83.80000305175781,24.600000381469727,70.11999969482422,37.61875,37.46875,33.3125,18.219,1057.449
1534809600,21-08-18 08:00,0.0,0.0,0.0,0.0,0.0,0.0,0.0,0.0,0.0,0.0,0.0,0.0,0.0,0.0,0.0,0.0,0.0,0.0,0.0,0.0,0.0,23.0,99.9000015258789,20.899999618530273,83.80000305175781,24.210000610351564,73.5099998474121,24.16875,24.28125,23.63125,17.816000000000003,1260.597
1534824000,21-08-18 12:00,0.0,0.0,0.0,0.0,0.0,0.0,0.0,0.0,0.0,0.0,0.0,0.0,0.0,0.0,0.0,0.0,0.0,0.0,0.0,0.0,0.0,22.83636370572177,99.9000015258789,20.899999618530273,83.80000305175781,22.881818077780984,78.64545510031961,33.13068181818182,33.4375,30.323863636363637,18.086363636363636,1119.0236363636361
1534838400,21-08-18 16:00,0.0,0.0,0.0,0.0,0.0,0.0,0.0,0.0,0.0,0.0,0.0,0.0,0.0,0.0,0.0,0.0,0.0,0.0,0.0,0.0,0.0,24.345454129305754,99.9000015258789,20.899999618530273,83.80000305175781,24.709091533314094,74.363637750799,38.36363636363637,38.23295454545455,34.52840909090909,18.14727272727273,1187.4654545454543
1534852800,21-08-18 20:00,0.0,0.0,0.0,0.0,0.0,0.0,0.0,0.0,0.0,0.0,0.0,0.0,0.0,0.0,0.0,0.0,0.0,0.0,0.0,0.0,0.0,24.79999941045588,99.9000015258789,20.899999618530273,83.80000305175781,25.009090943769976,72.04545523903586,38.92045454545455,38.83522727272727,35.27272727272727,18.347272727272728,963.5045454545456
