unixtime,time,ppfdred1,ppfdblue1,ppfd1,ppfdred2,ppfdblue2,ppfd2,ppfdred3,ppfdblue3,ppfd3,ppfdred4,ppfdblue4,ppfd4,ppfdred5,ppfdblue5,ppfd5,ppfdred6,ppfdblue6,ppfd6,ppfdred7,ppfdblue7,ppfd7,temp_1,humd_1,temp_2,humd_2,temp_3,humd_3,tmp1,tmp2,tmp3,flowrate,temp_a,humd_a
1533139200,02-08-18 00:00,141.0,5.0,146.0,152.08333333333334,4.916666666666667,157.0,109.0,40.0,149.0,175.33333333333334,15.666666666666666,191.0,157.75,20.083333333333332,177.83333333333334,161.0,0.0,161.0,166.5,18.166666666666668,184.66666666666666,25.583333333333332,60.00833320617676,25.10000038146973,60.00833288828532,25.5,60.88333320617676,30.171875,30.682291666666668,31.489583333333332,0.2891666666666666,23.399999618530273,63.833333333333336
1533153600,02-08-18 04:00,141.0,5.181818181818182,146.1818181818182,152.0909090909091,5.090909090909091,157.1818181818182,109.0,40.0,149.0,175.1818181818182,15.363636363636363,190.54545454545453,157.45454545454547,20.0,177.45454545454547,161.36363636363637,0.0,161.36363636363637,165.9090909090909,18.636363636363637,184.54545454545453,25.390908674760297,60.46363657171076,25.09090943769975,59.8909086747603,25.29999923706055,61.24545461481268,29.84090909090909,30.397727272727273,31.25,0.28272727272727277,23.29999923706055,64.07272616299716
1533168000,02-08-18 08:00,0.0,0.0,0.0,0.0,0.0,0.0,109.0,40.0,149.0,0.0,0.0,0.0,0.0,0.0,0.0,0.0,0.0,0.0,0.0,0.0,0.0,23.125000476837158,68.33333333333333,23.075000286102295,66.49166679382324,23.02500009536743,69.58333269755046,22.203125,22.416666666666668,22.213541666666668,0.24999999999999997,22.424999713897705,66.52499961853027
1533182400,02-08-18 12:00,144.41666666666666,6.916666666666667,151.33333333333334,155.5,7.833333333333333,163.33333333333334,141.75,21.833333333333332,163.58333333333334,178.0,18.25,196.25,160.25,22.25,182.5,172.08333333333334,0.5,172.58333333333334,170.25,19.916666666666668,190.16666666666666,24.141666571299236,69.02500089009602,23.783333619435627,67.54166666666667,23.900000254313152,71.21666781107585,27.583333333333332,28.083333333333332,28.661458333333332,0.24999999999999997,22.858333587646484,68.59166717529297
1533196800,02-08-18 16:00,141.75,7.0,148.75,152.0,7.0,159.0,164.0,8.0,172.0,175.75,18.0,193.75,158.66666666666666,22.416666666666668,181.08333333333334,167.25,0.16666666666666666,167.41666666666666,166.5,21.083333333333332,187.58333333333334,26.200000127156574,60.32500012715658,25.64166720708211,60.0,25.949999809265137,61.57500012715658,30.645833333333332,31.458333333333332,32.1875,0.25499999999999995,24.125000317891438,63.43333307902018
1533211200,02-08-18 20:00,142.0,7.25,149.25,153.0,7.083333333333333,160.08333333333334,163.33333333333334,7.916666666666667,171.25,176.25,17.833333333333332,194.08333333333334,159.16666666666666,22.083333333333332,181.25,167.91666666666666,0.0,167.91666666666666,167.91666666666666,20.666666666666668,188.58333333333334,26.00833336512248,58.72500069936117,25.733333587646484,58.19166628519694,26.0,58.95833396911621,30.723958333333332,31.171875,31.796875,0.24500000000000002,23.874999523162842,62.15833314259847
1533225600,03-08-18 00:00,141.0,7.0,148.0,152.0,7.0,159.0,162.0,8.0,170.0,175.0,18.0,193.0,144.0,26.0,170.0,163.0,0.0,163.0,166.0,31.0,197.0,25.899999618530273,59.0,25.29999923706055,58.79999923706055,25.899999618530273,58.79999923706055,30.9375,31.3125,31.9375,0.24,23.5,63.4000015258789
1533240000,03-08-18 04:00,141.0,7.0,148.0,152.0,7.0,159.0,162.0,8.0,170.0,175.0,18.0,193.0,144.0,26.0,170.0,163.0,0.0,163.0,166.0,31.0,197.0,25.899999618530273,59.0,25.29999923706055,58.79999923706055,25.899999618530273,58.79999923706055,30.9375,31.3125,31.9375,0.24,23.5,63.4000015258789
1533254400,03-08-18 08:00,0.0,0.0,0.0,0.0,0.0,0.0,0.0,0.0,0.0,0.0,0.0,0.0,0.0,0.0,0.0,0.0,0.0,0.0,0.0,0.0,0.0,23.372727654197,67.82727189497514,23.281818389892578,65.77272761951794,23.254545385187324,68.91818133267489,22.1875,22.386363636363637,22.170454545454547,0.2645454545454546,22.42727210304954,66.64545475352894
1533268800,03-08-18 12:00,144.0,7.666666666666667,151.66666666666666,154.66666666666666,6.0,160.66666666666666,164.91666666666666,7.083333333333333,172.0,177.25,17.916666666666668,195.16666666666666,160.5,21.333333333333332,181.83333333333334,172.83333333333334,0.0,172.83333333333334,169.5,19.916666666666668,189.41666666666666,23.88333336512248,67.45833206176758,23.766666571299236,65.68333307902019,23.791666666666668,68.54999987284343,27.807291666666668,28.083333333333332,29.0,0.25833333333333336,22.425000190734863,68.05000114440918
1533283200,03-08-18 16:00,141.16666666666666,8.333333333333334,149.5,152.0,6.916666666666667,158.91666666666666,162.25,8.0,170.25,175.83333333333334,18.416666666666668,194.25,158.66666666666666,22.416666666666668,181.08333333333334,168.41666666666666,0.0,168.41666666666666,167.33333333333334,20.666666666666668,188.0,25.600000381469727,61.27500025431315,25.266666412353516,60.649999936421715,25.516666730244953,61.983333905537926,30.28125,30.890625,31.619791666666668,0.25833333333333336,23.608333746592205,64.5
1533297600,03-08-18 20:00,141.0,8.333333333333334,149.33333333333334,152.0,7.083333333333333,159.08333333333334,162.08333333333334,8.0,170.08333333333334,175.58333333333334,18.0,193.58333333333334,159.0,22.0,181.0,169.0,0.0,169.0,167.08333333333334,20.0,187.08333333333334,25.79999923706055,59.475000063578285,25.49166663487752,58.891666412353516,25.75,59.79999987284342,30.291666666666668,30.953125,31.692708333333332,0.24083333333333337,23.65833393732707,63.08333237965902
1533312000,04-08-18 00:00,141.0,8.25,149.25,152.08333333333334,6.916666666666667,159.0,162.0,8.0,170.0,175.25,18.083333333333332,193.33333333333334,158.25,22.166666666666668,180.41666666666666,169.33333333333334,0.0,169.33333333333334,167.25,20.333333333333332,187.58333333333334,25.49166663487752,59.875,25.10000038146973,59.483333587646484,25.516666730244953,59.84999974568685,30.192708333333332,30.713541666666668,31.541666666666668,0.2658333333333333,23.29999923706055,63.90833409627279
1533326400,04-08-18 04:00,141.0,8.166666666666666,149.16666666666666,151.91666666666666,7.166666666666667,159.08333333333334,162.0,8.083333333333334,170.08333333333334,175.0,18.083333333333332,193.08333333333334,158.5,22.083333333333332,180.58333333333334,169.75,0.0,169.75,167.08333333333334,20.166666666666668,187.25,25.47499990463257,59.99166679382324,25.14166720708211,59.541666984558105,25.399999618530273,60.35000038146973,29.994791666666668,30.552083333333332,31.432291666666668,0.24000000000000002,23.29999923706055,64.19166374206543
1533340800,04-08-18 08:00,0.0,0.0,0.0,0.0,0.0,0.0,0.0,0.0,0.0,0.0,0.0,0.0,0.0,0.0,0.0,0.0,0.0,0.0,0.0,0.0,0.0,23.241666793823242,67.63333384195964,23.091667016347248,65.74166679382324,23.03333346048991,68.65833282470703,22.197916666666668,22.427083333333332,22.229166666666668,0.24250000000000002,22.399999618530273,66.49166679382324
1533355200,04-08-18 12:00,143.5,7.5,151.0,154.75,5.916666666666667,160.66666666666666,165.0,7.0,172.0,176.91666666666666,17.416666666666668,194.33333333333334,160.08333333333334,21.666666666666668,181.75,173.75,0.0,173.75,168.66666666666666,19.916666666666668,188.58333333333334,23.574999968210857,67.04999987284343,23.483333428700764,65.23333263397217,23.483333269755047,67.86666615804036,27.208333333333332,27.473958333333332,28.34375,0.2558333333333333,22.058333079020183,67.9499994913737
1533369600,04-08-18 16:00,140.5,8.0,148.5,151.91666666666666,7.25,159.16666666666666,160.66666666666666,9.0,169.66666666666666,173.75,19.166666666666668,192.91666666666666,157.66666666666666,23.333333333333332,181.0,168.58333333333334,0.0,168.58333333333334,165.83333333333334,21.083333333333332,186.91666666666666,25.433333079020183,60.57500012715658,25.066666920979817,60.15833282470703,25.374999523162842,61.00833384195963,30.145833333333332,30.682291666666668,31.239583333333332,0.23416666666666666,23.28333282470703,64.46666717529297
1533384000,04-08-18 20:00,140.0,8.0,148.0,151.08333333333334,7.0,158.08333333333334,161.0,8.833333333333334,169.83333333333334,172.91666666666666,19.333333333333332,192.25,156.91666666666666,22.416666666666668,179.33333333333334,167.91666666666666,0.08333333333333333,168.0,164.58333333333334,21.333333333333332,185.91666666666666,25.88333288828532,59.49166615804037,25.416666348775227,59.30833339691162,25.79999923706055,59.88333288828532,30.71875,31.15625,31.697916666666668,0.24416666666666664,23.591667016347248,63.77500057220459
1533398400,05-08-18 00:00,140.0,8.0,148.0,152.08333333333334,6.916666666666667,159.0,161.25,8.333333333333334,169.58333333333334,173.91666666666666,18.5,192.41666666666666,157.08333333333334,22.166666666666668,179.25,168.5,0.16666666666666666,168.66666666666666,165.5,21.25,186.75,25.416666348775227,60.06666660308838,25.050000190734863,59.97499974568685,25.433333079020183,60.10833326975504,30.4375,30.776041666666668,31.338541666666668,0.26583333333333337,23.20000076293945,64.33333587646484
1533412800,05-08-18 04:00,139.5,8.25,147.75,152.0,7.333333333333333,159.33333333333334,160.08333333333334,9.333333333333334,169.41666666666666,173.08333333333334,18.416666666666668,191.5,156.83333333333334,22.25,179.08333333333334,168.83333333333334,0.0,168.83333333333334,166.0,20.916666666666668,186.91666666666666,25.399999618530273,60.00833320617676,25.10000038146973,59.791666666666664,25.399999618530273,60.24166711171468,30.161458333333332,30.5,31.083333333333332,0.25833333333333336,23.14166720708211,64.33333524068196
1533427200,05-08-18 08:00,0.0,0.0,0.0,0.0,0.0,0.0,0.0,0.0,0.0,0.0,0.0,0.0,0.0,0.0,0.0,0.0,0.0,0.0,0.0,0.0,0.0,23.166667302449543,67.79166603088379,23.050000190734863,65.61666552225749,22.99166663487752,68.83333333333333,22.0625,22.28125,22.166666666666668,0.2683333333333333,22.308333079020183,66.52500025431316
1533441600,05-08-18 12:00,142.0909090909091,7.545454545454546,149.63636363636363,153.54545454545453,6.181818181818182,159.72727272727272,162.9090909090909,7.454545454545454,170.36363636363637,175.0909090909091,18.363636363636363,193.45454545454547,158.45454545454547,22.636363636363637,181.0909090909091,172.54545454545453,0.18181818181818182,172.72727272727272,167.0,20.636363636363637,187.63636363636363,23.490909056230024,67.21818334406072,23.37272730740634,65.56363608620383,23.37272730740634,67.99999930641867,27.380681818181817,27.761363636363637,28.568181818181817,0.2609090909090909,21.94545468417081,68.36363705721769
1533456000,05-08-18 16:00,140.0,8.0,148.0,152.0,7.083333333333333,159.08333333333334,160.41666666666666,9.083333333333334,169.5,173.41666666666666,18.833333333333332,192.25,155.83333333333334,23.583333333333332,179.41666666666666,169.75,0.0,169.75,165.0,20.833333333333332,185.83333333333334,25.00833336512248,61.791666666666664,24.65833393732707,61.416666984558105,24.96666653951009,62.26666673024496,29.880208333333332,30.1875,30.78125,0.25333333333333335,22.891666253407795,65.63333193461101
1533470400,05-08-18 20:00,140.0,8.0,148.0,151.83333333333334,6.916666666666667,158.75,160.58333333333334,8.916666666666666,169.5,172.83333333333334,19.166666666666668,192.0,156.16666666666666,22.5,178.66666666666666,168.91666666666666,0.5833333333333334,169.5,165.08333333333334,21.5,186.58333333333334,25.21666717529297,60.941667556762695,24.899999618530273,61.08333365122477,25.20000076293945,61.32500012715658,30.005208333333332,30.34375,30.921875,0.23166666666666672,23.0,65.25833384195964
1533484800,06-08-18 00:00,140.0,8.0,148.0,152.0,6.916666666666667,158.91666666666666,160.5,8.25,168.75,172.75,18.583333333333332,191.33333333333334,156.41666666666666,22.333333333333332,178.75,168.83333333333334,0.0,168.83333333333334,163.66666666666666,21.333333333333332,185.0,24.908332983652752,61.725000063578285,24.541666825612385,61.6166664759318,24.958333174387615,61.8833335240682,29.807291666666668,30.151041666666668,30.776041666666668,0.25666666666666665,22.75,65.90833409627278
1533499200,06-08-18 04:00,140.0,8.0,148.0,151.08333333333334,6.916666666666667,158.0,160.33333333333334,8.166666666666666,168.5,172.75,18.666666666666668,191.41666666666666,156.58333333333334,22.5,179.08333333333334,168.66666666666666,0.16666666666666666,168.83333333333334,165.0,21.333333333333332,186.33333333333334,25.191667397816975,60.99166679382324,24.88333288828532,60.92499955495199,25.133333841959637,61.34166685740153,29.901041666666668,30.276041666666668,30.90625,0.2608333333333333,23.0,65.35833549499512
1533513600,06-08-18 08:00,0.0,0.0,0.0,0.0,0.0,0.0,0.0,0.0,0.0,0.0,0.0,0.0,0.0,0.0,0.0,0.0,0.0,0.0,0.0,0.0,0.0,23.009090943769976,68.87272713401101,22.899999618530273,66.79090950705789,22.83636301214045,69.94545399058948,21.926136363636363,22.15340909090909,22.045454545454547,0.24454545454545454,22.209091533314098,67.86363636363636
1533528000,06-08-18 12:00,140.66666666666666,7.833333333333333,148.5,153.33333333333334,6.5,159.83333333333334,161.0,8.75,169.75,173.58333333333334,18.75,192.33333333333334,157.25,22.333333333333332,179.58333333333334,171.25,0.25,171.5,165.5,21.166666666666668,186.66666666666666,23.90833330154419,68.11666679382324,23.72499990463257,66.63333320617676,23.78333330154419,69.57500012715657,27.786458333333332,27.895833333333332,28.723958333333332,0.24749999999999997,22.391666889190674,69.06666692097981
1533542400,06-08-18 16:00,138.75,9.0,147.75,150.41666666666666,7.916666666666667,158.33333333333334,159.08333333333334,9.166666666666666,168.25,171.91666666666666,19.0,190.91666666666666,155.75,23.083333333333332,178.83333333333334,167.91666666666666,0.0,167.91666666666666,163.91666666666666,22.0,185.91666666666666,25.59166669845581,62.35000038146973,25.11666711171468,61.8666664759318,25.399999618530273,62.975000063578285,30.140625,30.916666666666668,31.614583333333332,0.2733333333333334,23.550000031789143,65.36666615804036
1533556800,06-08-18 20:00,138.0,8.181818181818182,146.1818181818182,150.0,7.2727272727272725,157.27272727272728,158.9090909090909,9.363636363636363,168.27272727272728,170.45454545454547,19.0,189.45454545454547,155.27272727272728,22.818181818181817,178.0909090909091,166.9090909090909,0.0,166.9090909090909,163.27272727272728,21.727272727272727,185.0,26.045454718849875,59.65454517711293,25.590909437699757,60.22727307406339,25.899999618530273,60.25454607876864,30.670454545454547,30.84090909090909,31.551136363636363,0.24181818181818188,23.79999923706055,63.7090915333141
1533571200,07-08-18 00:00,138.0,8.0,146.0,149.75,7.333333333333333,157.08333333333334,158.08333333333334,9.666666666666666,167.75,171.08333333333334,19.166666666666668,190.25,154.91666666666666,23.166666666666668,178.08333333333334,167.33333333333334,0.0,167.33333333333334,163.41666666666666,21.666666666666668,185.08333333333334,25.61666711171468,60.183332443237305,25.125000476837158,60.47500038146973,25.574999968210857,60.46666685740153,30.375,30.645833333333332,31.333333333333332,0.23583333333333334,23.399999618530273,64.30000305175781
1533585600,07-08-18 04:00,137.83333333333334,8.166666666666666,146.0,149.91666666666666,7.166666666666667,157.08333333333334,158.75,8.583333333333334,167.33333333333334,170.66666666666666,19.0,189.66666666666666,154.91666666666666,22.75,177.66666666666666,166.83333333333334,0.08333333333333333,166.91666666666666,162.16666666666666,22.0,184.16666666666666,25.50833336512248,60.31666660308838,25.15833393732707,60.53333314259847,25.5,60.96666685740153,29.958333333333332,30.598958333333332,31.171875,0.2675,23.333332697550457,64.46666717529297
1533600000,07-08-18 08:00,0.0,0.0,0.0,0.0,0.0,0.0,0.0,0.0,0.0,0.0,0.0,0.0,0.0,0.0,0.0,0.0,0.0,0.0,0.0,0.0,0.0,23.200000286102295,68.10833422342937,23.100000381469727,66.47500038146973,23.066666920979817,69.01666577657063,22.21875,22.46875,22.286458333333332,0.26999999999999996,22.38333288828532,66.64166577657063
1533614400,07-08-18 12:00,140.25,7.5,147.75,152.5,5.75,158.25,161.0,7.666666666666667,168.66666666666666,171.91666666666666,18.166666666666668,190.08333333333334,156.08333333333334,22.166666666666668,178.25,170.66666666666666,0.75,171.41666666666666,164.16666666666666,22.25,186.41666666666666,23.825000127156574,67.55833371480306,23.708333492279053,66.52499898274739,23.72500006357829,68.77499961853027,27.578125,27.822916666666668,28.651041666666668,0.2266666666666667,22.425000190734863,68.125
1533628800,07-08-18 16:00,141.5,6.916666666666667,148.41666666666666,148.91666666666666,7.5,156.41666666666666,157.33333333333334,9.833333333333334,167.16666666666666,169.75,20.25,190.0,153.16666666666666,23.333333333333332,176.5,166.91666666666666,0.6666666666666666,167.58333333333334,160.16666666666666,22.583333333333332,182.75,26.050000190734863,62.55833307902018,25.22499958674113,62.9916664759318,25.65000041325887,64.03333218892415,30.223958333333332,31.192708333333332,32.010416666666664,0.2758333333333334,23.924999713897705,65.16666603088379
1533643200,07-08-18 20:00,155.0,14.0,169.0,157.0,16.0,173.0,172.0,18.25,190.25,187.0,28.916666666666668,215.91666666666666,169.0,34.0,203.0,181.0,4.5,185.5,178.0,32.416666666666664,210.41666666666666,26.191667238871258,58.94166692097982,25.725000381469727,59.28333346048991,26.133333841959637,59.2583335240682,32.078125,32.291666666666664,33.052083333333336,0.23583333333333337,23.96666653951009,62.64999961853027
1533657600,08-08-18 00:00,155.0,14.0,169.0,157.0,16.166666666666668,173.16666666666666,172.75,17.916666666666668,190.66666666666666,186.75,28.916666666666668,215.66666666666666,168.83333333333334,32.833333333333336,201.66666666666666,181.83333333333334,4.5,186.33333333333334,178.0,32.583333333333336,210.58333333333334,25.766666412353516,59.47499974568685,25.30833260218303,60.11666679382324,25.758333524068195,59.61666711171468,31.713541666666668,31.875,32.567708333333336,0.25833333333333336,23.46666653951009,63.641666094462074
1533672000,08-08-18 04:00,155.0,14.272727272727273,169.27272727272728,157.0,16.818181818181817,173.8181818181818,173.0,17.545454545454547,190.54545454545453,186.72727272727272,28.727272727272727,215.45454545454547,169.0,32.27272727272727,201.27272727272728,182.0,3.909090909090909,185.9090909090909,178.0,31.90909090909091,209.9090909090909,25.790908466685902,59.09090943769975,25.381817730990324,60.190909298983485,25.70000076293945,59.57272720336914,31.318181818181817,31.676136363636363,32.4375,0.2427272727272727,23.33636301214045,63.70000006935813
1533686400,08-08-18 08:00,0.0,0.0,0.0,0.0,0.0,0.0,0.0,0.0,0.0,0.0,0.0,0.0,0.0,0.0,0.0,0.0,0.0,0.0,0.0,0.0,0.0,23.281817869706586,67.5727275501598,23.072727550159804,66.36363636363636,23.045454718849875,68.89090936834162,22.170454545454547,22.431818181818183,22.306818181818183,0.2381818181818182,22.399999618530273,66.49090922962536
1533700800,08-08-18 12:00,156.58333333333334,13.333333333333334,169.91666666666666,157.0,16.0,173.0,173.91666666666666,16.833333333333332,190.75,187.66666666666666,28.833333333333332,216.5,170.33333333333334,32.583333333333336,202.91666666666666,185.0,5.0,190.0,178.75,31.333333333333332,210.08333333333334,24.424999872843426,66.09999942779541,24.15833330154419,66.51666609446208,24.266666571299236,67.68333371480306,29.114583333333332,29.494791666666668,30.5,0.2591666666666667,22.78333314259847,67.15833409627278
1533715200,08-08-18 16:00,153.0,14.0,167.0,157.0,15.333333333333334,172.33333333333334,169.83333333333334,18.083333333333332,187.91666666666666,184.0,28.833333333333332,212.83333333333334,167.0,33.25,200.25,178.16666666666666,4.083333333333333,182.25,175.0,32.416666666666664,207.41666666666666,27.041666825612385,57.92500082651774,26.416666348775227,61.17500019073486,26.908332983652752,61.68333307902018,32.838541666666664,33.348958333333336,34.15625,0.25083333333333335,24.733333428700764,61.96666685740153
1533729600,08-08-18 20:00,152.0,14.0,166.0,157.0,15.0,172.0,169.0,18.0,187.0,184.0,29.166666666666668,213.16666666666666,167.0,33.0,200.0,177.0,3.4166666666666665,180.41666666666666,174.0,32.416666666666664,206.41666666666666,27.449999809265137,56.016666412353516,26.84166606267293,58.92499955495199,27.366666158040363,59.12500031789144,33.083333333333336,33.625,34.447916666666664,0.2591666666666667,25.0,59.87500031789144
1533744000,09-08-18 00:00,152.16666666666666,14.0,166.16666666666666,157.0,15.0,172.0,169.0,18.0,187.0,183.33333333333334,28.75,212.08333333333334,166.66666666666666,33.25,199.91666666666666,178.41666666666666,3.5833333333333335,182.0,174.0,32.25,206.25,26.94166644414266,56.50833320617676,26.366666158040363,58.60000038146973,27.099999745686848,56.891666094462074,32.484375,33.229166666666664,34.026041666666664,0.25500000000000006,24.49166663487752,60.350000063578285
1533758400,09-08-18 04:00,152.0,14.0,166.0,157.0,15.0,172.0,169.0,18.181818181818183,187.1818181818182,183.0,29.454545454545453,212.45454545454547,166.0,33.72727272727273,199.72727272727272,179.0,4.181818181818182,183.1818181818182,174.0,32.09090909090909,206.0909090909091,26.73636384443803,56.754545038396664,26.26363615556197,58.58181866732511,26.70000076293945,57.91818202625621,31.914772727272727,32.75568181818182,33.49431818181818,0.2409090909090909,24.20000076293945,61.690908605402164
1533772800,09-08-18 08:00,0.0,0.0,0.0,0.0,0.0,0.0,0.0,0.0,0.0,0.0,0.0,0.0,0.0,0.0,0.0,0.0,0.0,0.0,0.0,0.0,0.0,23.84999958674113,65.2666670481364,23.691666920979817,65.05833307902019,23.675000349680584,66.5500005086263,22.8125,23.046875,22.869791666666668,0.2758333333333333,22.94166644414266,64.66666730244954
1533787200,09-08-18 12:00,155.16666666666666,12.833333333333334,168.0,157.0,15.166666666666666,172.16666666666666,172.33333333333334,16.666666666666668,189.0,184.75,28.083333333333332,212.83333333333334,168.25,31.75,200.0,185.08333333333334,4.416666666666667,189.5,175.75,31.416666666666668,207.16666666666666,24.200000127156574,65.1583325068156,23.9416667620341,66.09166717529297,24.016666730244953,66.74999968210857,28.447916666666668,28.791666666666668,29.71875,0.2383333333333333,22.425000031789143,66.63333384195964
1533801600,09-08-18 16:00,151.0,14.0,165.0,157.0,14.083333333333334,171.08333333333334,167.75,18.583333333333332,186.33333333333334,181.0,29.083333333333332,210.08333333333334,165.0,33.666666666666664,198.66666666666666,178.0,4.333333333333333,182.33333333333334,172.0,32.75,204.75,26.700000445048016,57.38333320617676,26.02500009536743,62.225000063578285,26.55833355585734,59.84166685740153,32.359375,32.927083333333336,33.713541666666664,0.24416666666666664,24.308332761128742,61.06666692097982
1533816000,09-08-18 20:00,150.0,14.0,164.0,157.0,14.083333333333334,171.08333333333334,167.0,18.0,185.0,180.0,28.833333333333332,208.83333333333334,164.0,33.0,197.0,177.0,3.9166666666666665,180.91666666666666,171.0,32.0,203.0,27.066666920979817,56.63333320617676,26.408332983652752,61.041666984558105,26.958333174387615,58.60833326975504,32.614583333333336,33.21875,34.0,0.2566666666666667,24.60000038146973,60.2416664759318
1533830400,10-08-18 00:00,149.91666666666666,14.333333333333334,164.25,157.0,14.166666666666666,171.16666666666666,166.83333333333334,18.083333333333332,184.91666666666666,179.83333333333334,29.083333333333332,208.91666666666666,163.83333333333334,32.916666666666664,196.75,177.66666666666666,4.083333333333333,181.75,170.66666666666666,32.833333333333336,203.5,26.67500066757202,57.31666628519694,26.02500009536743,60.850000063578285,26.766666730244953,58.25,32.09375,32.921875,33.697916666666664,0.245,24.20833381017049,61.166666666666664
1533844800,10-08-18 04:00,150.0,14.0,164.0,157.0,13.916666666666666,170.91666666666666,167.0,17.75,184.75,179.0,29.0,208.0,164.0,33.0,197.0,178.0,4.416666666666667,182.41666666666666,170.0,32.416666666666664,202.41666666666666,26.566666920979817,57.62499968210856,25.899999618530273,60.59999974568685,26.399999618530273,59.116665840148926,31.65625,32.416666666666664,33.197916666666664,0.25166666666666665,23.899999618530273,62.116665522257485
1533859200,10-08-18 08:00,0.0,0.0,0.0,0.0,0.0,0.0,0.0,0.0,0.0,0.0,0.0,0.0,0.0,0.0,0.0,0.0,0.0,0.0,0.0,0.0,0.0,23.700000127156574,66.49166552225749,23.47499990463257,67.84166653951009,23.49166663487752,68.47500101725261,22.666666666666668,22.916666666666668,22.739583333333332,0.25000000000000006,22.783332983652752,65.37499936421712
1533873600,10-08-18 12:00,151.5,13.083333333333334,164.58333333333334,157.0,14.0,171.0,168.16666666666666,16.333333333333332,184.5,179.58333333333334,28.166666666666668,207.75,164.25,31.75,196.0,182.33333333333334,4.333333333333333,186.66666666666666,170.66666666666666,31.5,202.16666666666666,24.30833339691162,66.0333325068156,23.99166663487752,68.71666781107585,24.108333428700764,68.49999936421712,29.057291666666668,29.380208333333332,30.375,0.23500000000000001,22.52500009536743,67.1416670481364
1533888000,10-08-18 16:00,148.0,14.0,162.0,157.0,13.916666666666666,170.91666666666666,164.0,17.833333333333332,181.83333333333334,177.0,29.166666666666668,206.16666666666666,162.0,31.916666666666668,193.91666666666666,176.0,3.9166666666666665,179.91666666666666,167.5,32.25,199.75,26.68333387374878,58.291666666666664,25.949999809265137,66.65833473205566,26.52500009536743,61.774999936421715,32.401041666666664,33.015625,33.796875,0.28583333333333333,24.424999713897705,61.69999980926514
1533902400,10-08-18 20:00,147.0,14.0,161.0,157.0,13.583333333333334,170.58333333333334,164.0,17.833333333333332,181.83333333333334,176.0,28.833333333333332,204.83333333333334,161.0,32.75,193.75,175.0,4.0,179.0,167.0,32.833333333333336,199.83333333333334,27.00833336512248,57.24166679382324,26.28333282470703,64.92499987284343,26.899999618530273,60.35000038146973,32.609375,33.260416666666664,34.052083333333336,0.25333333333333335,24.65833393732707,60.41666730244955
1533916800,11-08-18 00:00,147.0,14.75,161.75,157.0,13.666666666666666,170.66666666666666,163.75,18.166666666666668,181.91666666666666,175.0,29.166666666666668,204.16666666666666,160.58333333333334,32.416666666666664,193.0,176.08333333333334,4.0,180.08333333333334,166.0,32.416666666666664,198.41666666666666,26.60000038146973,57.899999936421715,25.841666221618652,63.92499923706055,26.6833332379659,59.30833371480306,32.119791666666664,32.90625,33.661458333333336,0.2283333333333333,24.15833393732707,61.47500038146973
1533931200,11-08-18 04:00,147.0,14.0,161.0,157.0,13.083333333333334,170.08333333333334,164.0,17.0,181.0,175.0,29.0,204.0,160.0,32.25,192.25,177.0,3.6666666666666665,180.66666666666666,166.0,33.0,199.0,26.516666730244953,58.29999955495199,25.70000076293945,64.03333377838135,26.29166603088379,60.63333225250244,31.5,32.322916666666664,33.088541666666664,0.2325,23.808332602183025,62.63333257039388
1533945600,11-08-18 08:00,0.0,0.0,0.0,0.0,0.0,0.0,0.0,0.0,0.0,0.0,0.0,0.0,0.0,0.0,0.0,0.0,0.0,0.0,0.0,0.0,0.0,23.641667048136394,67.50833257039388,23.299999713897705,72.81666692097981,23.391666253407795,69.63333257039388,22.625,22.864583333333332,22.697916666666668,0.24416666666666667,22.741666793823242,66.01666577657063
1533960000,11-08-18 12:00,148.66666666666666,12.5,161.16666666666666,157.0,13.75,170.75,165.33333333333334,17.166666666666668,182.5,174.83333333333334,29.583333333333332,204.41666666666666,161.08333333333334,31.833333333333332,192.91666666666666,181.33333333333334,5.083333333333333,186.41666666666666,166.08333333333334,31.5,197.58333333333334,24.125,67.16666793823242,23.71666653951009,73.32499885559082,23.87500015894572,69.77500025431316,28.755208333333332,29.083333333333332,30.098958333333332,0.24250000000000002,22.333333333333332,67.70833396911621
1533974400,11-08-18 16:00,145.0,14.0,159.0,156.0,12.833333333333334,168.83333333333334,162.0,17.166666666666668,179.16666666666666,172.0,30.083333333333332,202.08333333333334,158.08333333333334,32.833333333333336,190.91666666666666,176.58333333333334,6.75,183.33333333333334,163.0,32.666666666666664,195.66666666666666,26.449999809265137,59.399999936421715,25.44166644414266,75.5166670481364,26.208333492279053,63.641666412353516,32.109375,32.666666666666664,33.473958333333336,0.26,24.108333746592205,62.29999987284342
1533988800,11-08-18 20:00,144.0,14.0,158.0,155.0,13.083333333333334,168.08333333333334,161.0,16.916666666666668,177.91666666666666,171.0,29.0,200.0,158.0,32.333333333333336,190.33333333333334,174.16666666666666,4.0,178.16666666666666,162.0,32.416666666666664,194.41666666666666,26.808332761128742,58.42499987284342,25.79166603088379,74.69999885559082,26.633333841959637,62.625000635782875,32.364583333333336,32.994791666666664,33.770833333333336,0.27499999999999997,24.399999618530273,61.59166622161865
1534003200,12-08-18 00:00,144.0,13.916666666666666,157.91666666666666,155.33333333333334,12.833333333333334,168.16666666666666,160.75,17.333333333333332,178.08333333333334,170.0,29.833333333333332,199.83333333333334,157.0,32.25,189.25,174.58333333333334,3.25,177.83333333333334,161.0,32.333333333333336,193.33333333333334,26.50833336512248,59.20833365122477,25.38333288828532,71.5583324432373,26.375000317891438,61.30000019073486,31.901041666666668,32.625,33.375,0.24749999999999997,23.949999809265137,62.266666412353516
1534017600,12-08-18 04:00,144.0,13.0,157.0,155.41666666666666,12.25,167.66666666666666,160.16666666666666,16.75,176.91666666666666,170.0,29.583333333333332,199.58333333333334,157.0,32.0,189.0,174.83333333333334,2.3333333333333335,177.16666666666666,159.33333333333334,32.166666666666664,191.5,26.44166644414266,59.191667238871254,25.291666030883793,71.56666692097981,26.050000190734863,62.73333326975504,31.34375,32.125,32.875,0.26666666666666666,23.70000076293945,63.56666564941406
1534032000,12-08-18 08:00,0.0,0.0,0.0,0.0,0.0,0.0,0.0,0.0,0.0,0.0,0.0,0.0,0.0,0.0,0.0,0.0,0.0,0.0,0.0,0.0,0.0,23.44166644414266,69.84999974568684,22.983333269755047,79.47499910990398,23.158333778381348,72.25,22.458333333333332,22.697916666666668,22.53125,0.24,22.583333651224773,66.66666475931804
1534046400,12-08-18 12:00,145.75,12.416666666666666,158.16666666666666,156.58333333333334,12.0,168.58333333333334,162.16666666666666,15.583333333333334,177.75,169.83333333333334,28.25,198.08333333333334,156.41666666666666,29.916666666666668,186.33333333333334,177.58333333333334,0.8333333333333334,178.41666666666666,145.58333333333334,28.666666666666668,174.25,23.97500006357829,69.26666577657063,23.31666660308838,81.25833320617676,23.633333206176758,72.41666666666667,28.395833333333332,28.703125,29.703125,0.22416666666666665,22.19166660308838,68.40000089009602
1534060800,12-08-18 16:00,142.0,13.416666666666666,155.41666666666666,154.0,12.416666666666666,166.41666666666666,158.0,17.166666666666668,175.16666666666666,167.0,29.416666666666668,196.41666666666666,154.0,31.666666666666668,185.66666666666666,171.0,0.08333333333333333,171.08333333333334,129.0,27.666666666666668,156.66666666666666,26.34166606267293,61.183334032694496,25.066666920979817,86.39166514078777,26.016666730244953,66.55833371480306,31.984375,32.473958333333336,33.302083333333336,0.24250000000000002,23.949999809265137,63.12499872843424
1534075200,12-08-18 20:00,141.0,14.0,155.0,153.0,12.916666666666666,165.91666666666666,157.5,17.916666666666668,175.41666666666666,166.0,30.083333333333332,196.08333333333334,153.75,32.416666666666664,186.16666666666666,169.0,0.08333333333333333,169.08333333333334,119.08333333333333,27.083333333333332,146.16666666666666,26.75,60.15833314259847,25.416666348775227,84.63333447774251,26.424999713897705,65.15833282470703,32.291666666666664,32.822916666666664,33.625,0.24583333333333338,24.28333282470703,62.099998474121094
1534089600,13-08-18 00:00,141.0,14.0,155.0,153.0,12.916666666666666,165.91666666666666,157.5,17.916666666666668,175.41666666666666,166.0,30.083333333333332,196.08333333333334,153.75,32.416666666666664,186.16666666666666,169.0,0.08333333333333333,169.08333333333334,119.08333333333333,27.083333333333332,146.16666666666666,26.75,60.15833314259847,25.416666348775227,84.63333447774251,26.424999713897705,65.15833282470703,32.291666666666664,32.822916666666664,33.625,0.24583333333333338,24.28333282470703,62.099998474121094
1534104000,13-08-18 04:00,141.0,14.0,155.0,153.0,12.916666666666666,165.91666666666666,157.5,17.916666666666668,175.41666666666666,166.0,30.083333333333332,196.08333333333334,153.75,32.416666666666664,186.16666666666666,169.0,0.08333333333333333,169.08333333333334,119.08333333333333,27.083333333333332,146.16666666666666,26.75,60.15833314259847,25.416666348775227,84.63333447774251,26.424999713897705,65.15833282470703,32.291666666666664,32.822916666666664,33.625,0.24583333333333338,24.28333282470703,62.099998474121094
1534118400,13-08-18 08:00,141.0,14.0,155.0,153.0,12.916666666666666,165.91666666666666,157.5,17.916666666666668,175.41666666666666,166.0,30.083333333333332,196.08333333333334,153.75,32.416666666666664,186.16666666666666,169.0,0.08333333333333333,169.08333333333334,119.08333333333333,27.083333333333332,146.16666666666666,26.75,60.15833314259847,25.416666348775227,84.63333447774251,26.424999713897705,65.15833282470703,32.291666666666664,32.822916666666664,33.625,0.24583333333333338,24.28333282470703,62.099998474121094
1534132800,13-08-18 12:00,141.0,14.0,155.0,153.0,12.916666666666666,165.91666666666666,157.5,17.916666666666668,175.41666666666666,166.0,30.083333333333332,196.08333333333334,153.75,32.416666666666664,186.16666666666666,169.0,0.08333333333333333,169.08333333333334,119.08333333333333,27.083333333333332,146.16666666666666,26.75,60.15833314259847,25.416666348775227,84.63333447774251,26.424999713897705,65.15833282470703,32.291666666666664,32.822916666666664,33.625,0.24583333333333338,24.28333282470703,62.099998474121094
1534147200,13-08-18 16:00,138.66666666666666,11.916666666666666,150.58333333333334,152.58333333333334,12.083333333333334,164.66666666666666,155.5,17.0,172.5,162.41666666666666,29.583333333333332,192.0,141.41666666666666,27.833333333333332,169.25,159.58333333333334,0.0,159.58333333333334,40.25,17.25,57.5,26.0666667620341,70.74166742960612,24.666666666666668,88.78333282470703,25.46666685740153,74.75,31.145833333333332,31.963541666666668,32.708333333333336,0.2725,23.933333079020183,66.85000165303548
1534161600,13-08-18 20:00,138.0,12.0,150.0,153.0,11.909090909090908,164.9090909090909,155.0,16.09090909090909,171.0909090909091,161.0909090909091,29.0,190.0909090909091,141.0,28.181818181818183,169.1818181818182,158.0,0.0,158.0,29.454545454545453,14.181818181818182,43.63636363636363,26.118182269009676,68.11818209561434,24.79999923706055,85.8909086747603,25.609091325239703,70.0363637750799,31.426136363636363,32.01136363636363,32.875,0.2781818181818182,23.609091325239703,64.97272768887606
1534176000,14-08-18 00:00,137.58333333333334,11.0,148.58333333333334,152.91666666666666,11.166666666666666,164.08333333333334,155.0,16.333333333333332,171.33333333333334,160.0,29.5,189.5,138.66666666666666,28.0,166.66666666666666,157.0,0.0,157.0,26.25,12.416666666666666,38.666666666666664,25.733332951863606,67.70833396911621,24.391666253407795,84.6416670481364,25.449999809265137,69.8916670481364,31.223958333333332,31.697916666666668,32.875,0.2833333333333333,23.15000057220459,66.1749979654948
1534190400,14-08-18 04:00,136.91666666666666,11.0,147.91666666666666,152.0,11.333333333333334,163.33333333333334,154.0,16.5,170.5,159.0,29.833333333333332,188.83333333333334,136.25,27.25,163.5,155.0,0.0,155.0,20.916666666666668,8.833333333333334,29.75,25.97499990463257,67.02500089009602,24.625000476837158,84.5166670481364,25.46666653951009,70.59166717529297,31.234375,31.765625,32.875,0.26999999999999996,23.399999618530273,65.84166844685872
1534204800,14-08-18 08:00,0.0,0.0,0.0,0.0,0.0,0.0,0.0,0.0,0.0,0.0,0.0,0.0,0.0,0.0,0.0,0.0,0.0,0.0,0.0,0.0,0.0,23.11666711171468,76.08333333333333,22.575000286102295,86.79999987284343,22.82499933242798,78.41666666666667,22.270833333333332,22.541666666666668,32.875,0.2891666666666667,22.408332983652752,68.52499898274739
1534219200,14-08-18 12:00,137.66666666666666,9.083333333333334,146.75,153.83333333333334,9.75,163.58333333333334,154.91666666666666,15.0,169.91666666666666,151.25,23.166666666666668,174.41666666666666,129.58333333333334,24.083333333333332,153.66666666666666,136.91666666666666,0.0,136.91666666666666,40.083333333333336,15.583333333333334,55.666666666666664,23.858333110809326,76.04166666666667,23.21666669845581,88.93333371480306,23.541666666666668,79.41666603088379,28.46875,28.802083333333332,32.875,0.26499999999999996,22.27500009536743,69.8000005086263
1534233600,14-08-18 16:00,134.0,10.0,144.0,150.0,11.083333333333334,161.08333333333334,151.66666666666666,16.333333333333332,168.0,147.0,22.666666666666668,169.66666666666666,120.16666666666667,23.5,143.66666666666666,104.5,0.6666666666666666,105.16666666666667,17.083333333333332,7.166666666666667,24.25,25.96666653951009,75.06666692097981,24.75,89.95000012715657,25.64166720708211,78.20833396911621,31.973958333333332,32.567708333333336,32.875,0.27999999999999997,24.158333778381348,67.5500005086263
1534248000,14-08-18 20:00,133.54545454545453,10.0,143.54545454545453,149.0,11.0,160.0,151.0,16.0,167.0,145.0,22.454545454545453,167.45454545454547,118.0909090909091,23.272727272727273,141.36363636363637,89.54545454545455,9.181818181818182,98.72727272727273,18.90909090909091,8.909090909090908,27.818181818181817,26.418181506070223,73.46363691850142,25.154546044089578,88.90909160267223,26.05454566261985,77.07272685657848,32.23863636363637,32.79545454545455,32.875,0.27090909090909093,24.5,64.33636474609375
1534262400,15-08-18 00:00,132.83333333333334,9.166666666666666,142.0,149.41666666666666,10.25,159.66666666666666,150.5,16.083333333333332,166.58333333333334,143.91666666666666,21.25,165.16666666666666,118.75,23.25,142.0,65.0,11.0,76.0,19.333333333333332,9.0,28.333333333333332,26.05833339691162,69.13333384195964,24.874999523162842,88.16666603088379,26.008333047231037,75.27499961853027,31.895833333333332,32.572916666666664,32.875,0.30750000000000005,24.100000381469727,64.0500005086263
1534276800,15-08-18 04:00,132.0,8.916666666666666,140.91666666666666,149.91666666666666,9.75,159.66666666666666,149.83333333333334,15.416666666666666,165.25,142.16666666666666,20.75,162.91666666666666,118.0,22.0,140.0,49.5,12.083333333333334,61.583333333333336,20.666666666666668,9.416666666666666,30.083333333333332,25.766666412353516,68.29999987284343,24.774999459584553,85.95833333333333,25.61666711171468,76.45833333333333,31.46875,32.109375,32.875,0.26666666666666666,23.78333282470703,65.59999974568684
1534291200,15-08-18 08:00,0.0,0.0,0.0,0.0,0.0,0.0,0.0,0.0,0.0,0.0,0.0,0.0,0.0,0.0,0.0,0.0,0.0,0.0,0.0,0.0,0.0,23.01818188753995,80.42727175625888,22.55454566261985,88.48181776566939,22.690909819169477,81.69090895219283,22.34090909090909,22.585227272727273,32.875,0.2827272727272727,22.536363775079902,67.80909104780717
1534305600,15-08-18 12:00,132.83333333333334,5.75,138.58333333333334,127.08333333333333,7.333333333333333,134.41666666666666,151.41666666666666,14.333333333333334,165.75,136.25,18.083333333333332,154.33333333333334,114.66666666666667,18.333333333333332,133.0,19.166666666666668,15.0,34.166666666666664,25.333333333333332,11.416666666666666,36.75,23.53333330154419,78.1750005086263,22.96666669845581,88.63333384195964,23.52499993642171,87.39999898274739,28.182291666666668,28.802083333333332,32.875,0.2716666666666667,22.375,69.05833307902019
1534320000,15-08-18 16:00,129.0,6.0,135.0,66.66666666666667,14.416666666666666,81.08333333333333,145.91666666666666,15.083333333333334,161.0,132.0,18.0,150.0,108.0,19.25,127.25,18.0,14.083333333333334,32.083333333333336,14.333333333333334,6.583333333333333,20.916666666666668,25.29166618982951,74.70833269755046,24.5,90.5,25.34999942779541,85.60000038146973,31.609375,32.255208333333336,32.875,0.27666666666666667,24.11666711171468,64.73333231608073
1534334400,15-08-18 20:00,127.66666666666667,5.0,132.66666666666666,45.916666666666664,14.0,59.916666666666664,137.5,14.416666666666666,151.91666666666666,130.0,17.0,147.0,106.0,18.75,124.75,17.0,13.0,30.0,12.0,5.583333333333333,17.583333333333332,25.700000603993733,72.79999987284343,24.84166606267293,89.84166653951009,25.70000076293945,84.25833447774251,31.822916666666668,32.442708333333336,32.875,0.2866666666666667,24.29999923706055,63.791666984558105
1534348800,16-08-18 00:00,126.0,3.1666666666666665,129.16666666666666,52.916666666666664,13.0,65.91666666666667,132.0,13.166666666666666,145.16666666666666,128.25,17.0,145.25,104.0,17.333333333333332,121.33333333333333,17.0,13.0,30.0,11.0,5.0,16.0,25.583333174387615,69.8166675567627,24.450000286102295,87.63333320617676,25.549999713897705,81.65833346048991,31.546875,32.151041666666664,32.875,0.27,23.874999523162842,63.94999980926514
1534363200,16-08-18 04:00,125.0,1.6363636363636365,126.63636363636364,44.09090909090909,11.454545454545455,55.54545454545455,128.36363636363637,12.0,140.36363636363637,127.0,16.363636363636363,143.36363636363637,101.9090909090909,16.181818181818183,118.0909090909091,16.0,12.636363636363637,28.636363636363637,10.0,4.0,14.0,25.29999923706055,68.75454503839666,24.70000076293945,89.96363691850142,25.181818875399504,81.15454448353161,31.147727272727273,31.732954545454547,32.875,0.2772727272727273,23.60000038146973,65.30909104780717
1534377600,16-08-18 08:00,0.0,0.0,0.0,0.0,0.0,0.0,0.0,0.0,0.0,0.0,0.0,0.0,0.0,0.0,0.0,0.0,0.0,0.0,0.0,0.0,0.0,22.866666158040363,77.66666730244954,22.46666653951009,89.35833231608073,22.64166720708211,86.48333358764648,22.390625,22.614583333333332,32.875,0.2966666666666667,22.53333346048991,67.93333371480306
1534392000,16-08-18 12:00,125.33333333333333,0.0,125.33333333333333,52.166666666666664,10.666666666666666,62.833333333333336,124.08333333333333,9.416666666666666,133.5,124.25,14.0,138.25,89.75,11.666666666666666,101.41666666666667,14.083333333333334,10.416666666666666,24.5,11.166666666666666,4.75,15.916666666666666,23.30833355585734,78.39999961853027,22.875,91.04166793823242,23.25833336512248,88.84166590372722,27.994791666666668,28.463541666666668,32.875,0.27166666666666667,22.375,69.35833358764648
1534406400,16-08-18 16:00,120.0,0.0,120.0,20.25,11.083333333333334,31.333333333333332,111.41666666666667,11.583333333333334,123.0,121.0,14.583333333333334,135.58333333333334,66.0,17.25,83.25,13.0,10.0,23.0,9.0,3.1666666666666665,12.166666666666666,25.18333387374878,72.74999936421712,24.483333269755047,91.94166628519694,25.125000476837158,87.58333333333333,31.661458333333332,32.067708333333336,32.875,0.29750000000000004,23.924999713897705,65.08333396911621
1534420800,16-08-18 20:00,119.0,0.0,119.0,14.333333333333334,12.0,26.333333333333332,104.41666666666667,10.833333333333334,115.25,119.41666666666667,14.083333333333334,133.5,61.583333333333336,17.083333333333332,78.66666666666667,13.0,10.0,23.0,8.0,3.0,11.0,25.583333651224773,70.40000025431316,24.79999923706055,91.29999987284343,25.35833279291789,86.33333269755046,31.802083333333332,32.28125,32.875,0.2691666666666667,24.133333841959637,64.40000025431316
1534435200,17-08-18 00:00,118.0,0.0,118.0,27.0,10.454545454545455,37.45454545454545,98.18181818181819,9.363636363636363,107.54545454545455,117.54545454545455,12.909090909090908,130.45454545454547,59.0,16.181818181818183,75.18181818181819,13.0,10.0,23.0,8.0,3.0,11.0,25.318181818181817,69.09999916770242,24.336363532326438,89.67272671786222,25.172727584838867,83.93636530095881,31.5625,31.8125,32.875,0.26545454545454544,23.727273074063387,64.62727217240767
1534449600,17-08-18 04:00,116.16666666666667,0.0,116.16666666666667,43.666666666666664,8.75,52.416666666666664,88.16666666666667,9.0,97.16666666666667,114.66666666666667,11.333333333333334,126.0,58.0,14.916666666666666,72.91666666666667,11.333333333333334,9.0,20.333333333333332,8.0,3.0,11.0,25.15833393732707,68.85833358764648,24.333332697550457,90.50833320617676,25.0,84.7083346048991,31.083333333333332,31.427083333333332,32.875,0.2575,23.408332983652752,65.85833549499512
1534464000,17-08-18 08:00,0.0,0.0,0.0,0.0,0.0,0.0,0.0,0.0,0.0,0.0,0.0,0.0,0.0,0.0,0.0,0.0,0.0,0.0,0.0,0.0,0.0,22.891666253407795,83.23333358764648,22.34999958674113,90.35833358764648,22.5,89.36666615804036,22.25,22.53125,32.875,0.285,22.433333079020183,68.35833358764648
1534478400,17-08-18 12:00,114.5,0.0,114.5,45.083333333333336,9.333333333333334,54.416666666666664,65.16666666666667,6.0,71.16666666666667,106.08333333333333,6.916666666666667,113.0,50.75,11.25,62.0,8.0,6.0,14.0,8.333333333333334,3.0,11.333333333333334,23.325000127156574,77.93333498636882,22.824999968210857,92.13333384195964,23.166666666666668,90.40000089009602,28.380208333333332,28.890625,32.875,0.2775,22.34166685740153,70.29166730244954
1534492800,17-08-18 16:00,108.83333333333333,0.0,108.83333333333333,20.666666666666668,11.0,31.666666666666668,45.25,3.9166666666666665,49.166666666666664,102.91666666666667,7.166666666666667,110.08333333333333,50.0,13.166666666666666,63.166666666666664,7.0,6.0,13.0,7.0,3.0,10.0,25.333333174387615,73.22499974568684,24.691666920979817,92.89999961853027,24.99166663487752,89.70833269755046,31.78125,32.744791666666664,32.875,0.27666666666666667,24.46666653951009,65.78333282470703
1534507200,17-08-18 20:00,108.0,0.0,108.0,32.36363636363637,10.0,42.36363636363637,42.0,3.0,45.0,100.45454545454545,6.0,106.45454545454545,50.0,13.0,63.0,7.0,6.0,13.0,8.0,4.0,12.0,25.709091533314098,70.0363637750799,24.918181506070223,91.50909077037464,25.48181811246005,87.73636488481002,32.47727272727273,32.47159090909091,32.875,0.25909090909090904,24.327272068370473,64.26363511518998
1534521600,18-08-18 00:00,107.0,0.0,107.0,37.333333333333336,10.083333333333334,47.416666666666664,36.75,3.0,39.75,95.0,3.9166666666666665,98.91666666666667,49.0,12.0,61.0,7.0,6.0,13.0,8.0,3.0,11.0,25.34166669845581,69.12499936421712,24.483333269755047,90.66666730244954,25.300000031789143,84.58333333333333,31.572916666666668,31.807291666666668,32.875,0.29083333333333333,23.774999777475994,64.87499872843425
1534536000,18-08-18 04:00,105.16666666666667,0.0,105.16666666666667,41.25,9.083333333333334,50.333333333333336,31.916666666666668,2.0,33.916666666666664,91.25,2.8333333333333335,94.08333333333333,49.0,11.5,60.5,7.0,6.0,13.0,8.0,3.0,11.0,25.00833336512248,69.06666564941406,24.408332983652752,90.67499987284343,24.916666348775227,84.32500012715657,30.973958333333332,31.630208333333332,32.875,0.2725,23.399999618530273,65.97500038146973
1534550400,18-08-18 08:00,0.0,0.0,0.0,0.0,0.0,0.0,0.0,0.0,0.0,0.0,0.0,0.0,0.0,0.0,0.0,0.0,0.0,0.0,0.0,0.0,0.0,22.891666253407795,82.375,22.291666348775227,89.43333435058594,22.516666730244953,90.59166781107585,22.177083333333332,22.479166666666668,32.875,0.24916666666666665,22.449999809265137,68.20833333333333
1534564800,18-08-18 12:00,104.5,0.0,104.5,34.416666666666664,8.916666666666666,43.333333333333336,21.833333333333332,1.0833333333333333,22.916666666666668,85.16666666666667,1.0833333333333333,86.25,47.0,9.583333333333334,56.583333333333336,6.0,5.0,11.0,8.166666666666666,4.0,12.166666666666666,22.9333332379659,77.90833409627278,22.59166685740153,91.8249994913737,22.924999713897705,90.86666615804036,28.140625,28.385416666666668,32.875,0.2691666666666666,22.075000127156574,70.19166564941406
1534579200,18-08-18 16:00,98.0,0.0,98.0,13.636363636363637,10.0,23.636363636363637,17.454545454545453,1.0,18.454545454545453,83.0,0.18181818181818182,83.18181818181819,45.0,10.181818181818182,55.18181818181818,5.0,5.0,10.0,7.0,3.0,10.0,24.890908674760297,72.15454517711292,24.27272709933194,92.20909049294211,24.809090180830527,91.75454503839666,31.920454545454547,31.84090909090909,32.875,0.29363636363636364,23.70909135991877,66.4090909090909
1534593600,18-08-18 20:00,97.0,0.0,97.0,12.0,10.0,22.0,16.0,1.0,17.0,81.0,0.0,81.0,45.0,10.333333333333334,55.333333333333336,5.0,5.0,10.0,6.0,3.0,9.0,25.29999923706055,70.48333358764648,24.60000038146973,92.01666895548503,25.10000038146973,90.78333282470703,32.114583333333336,32.114583333333336,32.875,0.28,23.933333079020183,65.51666768391927
1534608000,19-08-18 00:00,97.0,0.0,97.0,12.0,10.0,22.0,16.0,1.0,17.0,81.0,0.0,81.0,45.0,10.333333333333334,55.333333333333336,5.0,5.0,10.0,6.0,3.0,9.0,25.29999923706055,70.48333358764648,24.60000038146973,92.01666895548503,25.10000038146973,90.78333282470703,32.114583333333336,32.114583333333336,32.875,0.28,23.933333079020183,65.51666768391927
1534622400,19-08-18 04:00,97.0,0.0,97.0,12.0,10.0,22.0,16.0,1.0,17.0,81.0,0.0,81.0,45.0,10.333333333333334,55.333333333333336,5.0,5.0,10.0,6.0,3.0,9.0,25.29999923706055,70.48333358764648,24.60000038146973,92.01666895548503,25.10000038146973,90.78333282470703,32.114583333333336,32.114583333333336,32.875,0.28,23.933333079020183,65.51666768391927
1534636800,19-08-18 08:00,0.0,0.0,0.0,0.0,0.0,0.0,0.0,0.0,0.0,0.0,0.0,0.0,0.0,0.0,0.0,0.0,0.0,0.0,0.0,0.0,0.0,21.874999523162842,87.54166666666667,21.29166603088379,91.02500025431316,21.5,93.31666564941406,21.432291666666668,21.692708333333332,32.875,0.24249999999999997,21.79166603088379,70.71666717529297
1534651200,19-08-18 12:00,96.81818181818181,0.0,96.81818181818181,44.09090909090909,7.181818181818182,51.27272727272727,11.545454545454545,1.1818181818181819,12.727272727272727,73.9090909090909,0.0,73.9090909090909,40.18181818181818,9.181818181818182,49.36363636363637,4.818181818181818,4.0,8.818181818181818,7.0,3.0,10.0,22.436363740400836,79.26363580877131,22.136363636363637,92.44545537775213,22.400000138716265,92.52727231112394,28.056818181818183,28.295454545454547,32.875,0.2736363636363637,21.727272727272727,71.5727275501598
1534665600,19-08-18 16:00,92.0,0.0,92.0,26.166666666666668,8.0,34.166666666666664,10.0,1.0,11.0,71.0,0.0,71.0,38.833333333333336,9.0,47.833333333333336,4.0,4.0,8.0,6.0,2.4166666666666665,8.416666666666666,24.625000476837158,73.0,23.958333174387615,93.20833333333333,24.341666221618652,92.98333358764648,31.645833333333332,31.609375,32.875,0.29,23.46666653951009,67.43333371480306
1534680000,19-08-18 20:00,90.0,0.0,90.0,21.166666666666668,9.0,30.166666666666668,10.0,1.0833333333333333,11.083333333333334,70.0,0.0,70.0,37.083333333333336,8.833333333333334,45.916666666666664,4.0,4.0,8.0,6.0,2.0833333333333335,8.083333333333334,25.14166720708211,69.84999910990398,24.408332983652752,91.94166628519694,24.833332697550457,91.42499923706055,31.958333333333332,31.932291666666668,32.875,0.27666666666666667,23.79999923706055,66.1083329518636
1534694400,20-08-18 00:00,89.0,0.0,89.0,21.0,9.0,30.0,9.0,1.1666666666666667,10.166666666666666,69.08333333333333,0.0,69.08333333333333,35.916666666666664,8.083333333333334,44.0,4.0,3.5,7.5,6.0,2.0,8.0,24.841666380564373,68.78333282470703,24.100000381469727,90.65000025431316,24.825000127156574,87.5500005086263,31.302083333333332,31.536458333333332,32.875,0.2575,23.433333079020183,65.90833218892415
1534708800,20-08-18 04:00,87.66666666666667,0.0,87.66666666666667,16.083333333333332,8.916666666666666,25.0,9.0,1.0833333333333333,10.083333333333334,68.0,0.0,68.0,33.333333333333336,7.583333333333333,40.916666666666664,4.0,3.0,7.0,5.0,2.0,7.0,24.70000076293945,68.77499898274739,24.10000038146973,90.90000025431316,24.5,89.72499974568684,30.671875,31.369791666666668,32.875,0.27083333333333337,23.19166739781697,67.09999974568684
1534723200,20-08-18 08:00,0.0,0.0,0.0,0.0,0.0,0.0,0.0,0.0,0.0,0.0,0.0,0.0,0.0,0.0,0.0,0.0,0.0,0.0,0.0,0.0,0.0,22.745454614812676,80.78181873668323,22.19090964577415,89.87272782759233,22.281818043101918,91.00909077037464,21.988636363636363,22.255681818181817,32.875,0.27636363636363637,22.23636384443803,69.24545496160334
1534737600,20-08-18 12:00,86.25,0.0,86.25,6.25,7.0,13.25,6.583333333333333,1.0,7.583333333333333,62.333333333333336,0.0,62.333333333333336,24.916666666666668,6.083333333333333,31.0,3.0833333333333335,3.0,6.083333333333333,4.666666666666667,2.0,6.666666666666667,23.049999872843426,78.82499885559082,22.77500009536743,92.88333384195964,22.89999993642171,93.63333320617676,28.572916666666668,28.692708333333332,21.8125,0.2675,22.325000286102295,71.2333329518636
1534752000,20-08-18 16:00,81.66666666666667,0.0,81.66666666666667,4.0,6.0,10.0,6.0,1.0,7.0,60.0,0.0,60.0,23.0,6.083333333333333,29.083333333333332,3.0,3.0,6.0,4.0,2.0,6.0,24.824999968210857,72.88333384195964,24.266666412353516,92.80833435058594,24.458333174387615,92.4499994913737,31.864583333333332,31.994791666666668,32.9375,0.26333333333333325,23.824999650319416,68.05833307902019
1534766400,20-08-18 20:00,80.0,0.0,80.0,4.0,6.0,10.0,6.0,1.0,7.0,59.0,0.0,59.0,22.833333333333332,6.166666666666667,29.0,3.0,2.0833333333333335,5.083333333333333,4.0,2.0,6.0,25.3166659673055,68.96666781107585,24.60833374659221,91.28333346048991,24.833332697550457,90.92499923706055,32.260416666666664,32.473958333333336,33.276041666666664,0.27416666666666667,24.1833340326945,65.16666412353516
1534780800,21-08-18 00:00,79.0,0.0,79.0,4.0,6.166666666666667,10.166666666666666,6.0,1.0833333333333333,7.083333333333333,58.0,0.0,58.0,21.0,6.0,27.0,3.0,2.0,5.0,4.0,2.0,6.0,25.02500009536743,68.98333358764648,24.308332602183025,90.77499961853027,24.84166685740153,88.65833346048991,31.697916666666668,32.208333333333336,33.8125,0.24416666666666667,23.71666685740153,65.55000114440918
1534795200,21-08-18 04:00,78.0,0.0,78.0,3.0,5.0,8.0,6.0,1.0,7.0,56.0,0.0,56.0,20.0,5.5,25.5,3.0,2.0,5.0,3.0,2.0,5.0,24.84999942779541,68.66666730244954,24.225000381469727,90.79166730244954,24.49166663487752,90.10000038146973,30.885416666666668,31.598958333333332,33.8125,0.25416666666666665,23.399999618530273,66.86666742960612
1534809600,21-08-18 08:00,0.0,0.0,0.0,0.0,0.0,0.0,0.0,0.0,0.0,0.0,0.0,0.0,0.0,0.0,0.0,0.0,0.0,0.0,0.0,0.0,0.0,22.75,81.29999923706055,22.283332983652752,89.05000114440918,22.299999554951984,91.00000127156575,22.161458333333332,22.395833333333332,33.8125,0.2708333333333333,22.333332697550457,69.6083329518636
1534824000,21-08-18 12:00,77.58333333333333,0.0,77.58333333333333,2.1666666666666665,4.0,6.166666666666667,5.0,1.0,6.0,43.666666666666664,0.0,43.666666666666664,13.416666666666666,4.083333333333333,17.5,2.0,2.0,4.0,3.0,1.0,4.0,23.03333314259847,77.08333333333333,22.68333355585734,92.61666615804036,22.791666507720947,94.03333409627278,28.208333333333332,28.510416666666668,33.8125,0.24750000000000003,22.27500009536743,70.65833473205566
1534838400,21-08-18 16:00,73.0,0.0,73.0,1.0,1.0,2.0,4.0,1.0,5.0,33.63636363636363,0.0,33.63636363636363,11.0,4.0,15.0,2.0,2.0,4.0,2.0,1.0,3.0,25.100000208074395,73.3090917413885,24.372726787220348,93.20909049294211,24.60909115184437,93.17272741144353,31.676136363636363,32.1875,33.8125,0.2881818181818182,23.972727168690074,69.80909104780717
1534852800,21-08-18 20:00,71.0,0.0,71.0,1.0,1.0,2.0,4.0,1.0,5.0,32.0,0.08333333333333333,32.083333333333336,9.0,4.083333333333333,13.083333333333334,2.0,2.0,4.0,2.0,1.0,3.0,25.60833374659221,69.51666514078777,24.80833260218303,91.90833473205566,25.15833393732707,91.83333333333333,32.052083333333336,32.885416666666664,33.8125,0.28750000000000003,24.38333288828532,66.54166603088379
